county,age,bin_size,true_rate,true_count,pred_rate,pred_count
APACHE,19,447,0.6465324384787472,289,0.7111950404843559,317.9041830965071
APACHE,20,609,0.5336617405582923,325,0.6736634528675922,410.26104279636365
APACHE,21,756,0.5119047619047619,387,0.6454884762942408,487.989288078446
APACHE,22,771,0.48767833981841763,376,0.6253884600765467,482.1745027190175
APACHE,23,849,0.4723203769140165,401,0.612197498827369,519.7556765044362
APACHE,24,735,0.42857142857142855,315,0.6048590311996878,444.5713879317705
APACHE,25,773,0.44372574385511,343,0.6024196036424687,465.6703536156283
APACHE,26,836,0.48325358851674644,404,0.6040227991728917,504.96306010853743
APACHE,27,899,0.4582869855394883,412,0.6089033311649346,547.4040947172762
APACHE,28,943,0.4517497348886532,426,0.6163813021543221,581.2475679315257
APACHE,29,945,0.5068783068783069,479,0.6258566276598324,591.4345131385417
APACHE,30,963,0.4766355140186916,459,0.6368036250209635,613.2418908951879
APACHE,31,1005,0.4736318407960199,476,0.6487657672519619,652.0095960882217
APACHE,32,953,0.5005246589716684,477,0.6613506019122092,630.2671236223354
APACHE,33,973,0.539568345323741,525,0.6742248349929703,656.0207644481601
APACHE,34,941,0.5398512221041445,508,0.6871095798205019,646.5701146110923
APACHE,35,863,0.5133256083429896,443,0.6997757709755199,603.9064903518737
APACHE,36,944,0.5307203389830508,501,0.7120397432290294,672.1655176082038
APACHE,37,942,0.5636942675159236,531,0.7237589754945118,681.7809549158302
APACHE,38,849,0.5712603062426383,485,0.7348279997964744,623.8689718272068
APACHE,39,851,0.5746180963572268,489,0.7451744752553596,634.143478442311
APACHE,40,829,0.5850422195416164,485,0.7547554270888147,625.6922490566274
APACHE,41,793,0.6330390920554855,502,0.7635536506293201,605.4980449490508
APACHE,42,807,0.6406443618339529,517,0.7715742803581811,622.6604442490521
APACHE,43,802,0.6234413965087282,500,0.7788415239558761,624.6309022126127
APACHE,44,805,0.6347826086956522,511,0.7853955613687679,632.2434269018581
APACHE,45,793,0.6065573770491803,481,0.7912896088921733,627.4926598514934
APACHE,46,771,0.6523994811932555,503,0.7965871482697945,614.1686913160115
APACHE,47,736,0.6902173913043478,508,0.8013593208095101,589.8004601157994
APACHE,48,740,0.65,481,0.8056824865155252,596.2050400214887
APACHE,49,752,0.6768617021276596,509,0.8096359482368836,608.8462330741364
APACHE,50,798,0.6741854636591479,538,0.8132998408323386,649.0132729842062
APACHE,51,789,0.6932826362484157,547,0.8167531853515858,644.4182632424012
APACHE,52,795,0.70062893081761,557,0.8200721082328537,651.9573260451187
APACHE,53,769,0.6957087126137841,535,0.8233282255168568,633.1394054224629
APACHE,54,844,0.7381516587677726,623,0.8265871920771077,697.639590113079
APACHE,55,828,0.7379227053140096,611,0.8299074158665893,687.1633403375359
APACHE,56,897,0.7491638795986622,672,0.8333389371807886,747.5050266511673
APACHE,57,972,0.7901234567901234,768,0.8369224729370885,813.4886436948501
APACHE,58,887,0.7767756482525366,689,0.8406886259705219,745.6908112358528
APACHE,59,927,0.7918015102481122,734,0.8446572593458845,782.9972794136349
APACHE,60,930,0.7806451612903226,726,0.8488370356862092,789.4184431881745
APACHE,61,956,0.797071129707113,762,0.8532251215175992,815.6832161708248
APACHE,62,956,0.8200836820083682,784,0.8578070566304228,820.0635461386842
APACHE,63,990,0.8262626262626263,818,0.8625567884568671,853.9312205722985
APACHE,64,913,0.8192771084337349,748,0.8674368714648527,791.9698636474105
APACHE,65,876,0.865296803652968,758,0.8723988315683086,764.2213764538383
APACHE,66,882,0.8798185941043084,776,0.8773836955538071,773.8524194784579
APACHE,67,847,0.8512396694214877,721,0.8823226855235587,747.3273146384543
APACHE,68,827,0.8621523579201935,713,0.8871380783547679,733.6631907993931
APACHE,69,783,0.8531289910600255,668,0.8917442301753479,698.2357322272974
APACHE,70,734,0.8514986376021798,625,0.8960487658559977,657.6997941383023
APACHE,71,678,0.8539823008849557,579,0.8999539335186378,610.1687669256364
APACHE,72,727,0.8707015130674003,633,0.9033581240612047,656.7413561924958
APACHE,73,626,0.8562300319488818,536,0.9061575556988102,567.2546298674552
APACHE,74,643,0.8693623639191291,559,0.9082481235212554,584.0035434241672
APACHE,75,525,0.8361904761904762,439,0.9095274140669096,477.5018923851276
APACHE,76,457,0.8183807439824945,374,0.9098968849129462,415.8228764052164
APACHE,77,483,0.8530020703933747,412,0.9092642092819403,439.1746130831772
APACHE,78,445,0.8044943820224719,358,0.9075457856648264,403.8578746208477
APACHE,79,424,0.8231132075471698,349,0.9046694124602157,383.5798308831315
APACHE,80,359,0.8022284122562674,288,0.9005771276300748,323.3071888191969
APACHE,81,317,0.7697160883280757,244,0.895228213371763,283.7873436388489
APACHE,82,276,0.7934782608695652,219,0.8886023658064313,245.25425296257504
APACHE,83,299,0.7625418060200669,228,0.8807030296837803,263.3302058754503
APACHE,84,254,0.7244094488188977,184,0.8715608981031802,221.37646811820775
APACHE,85,200,0.73,146,0.8612375772511486,172.2475154502297
APACHE,86,173,0.7341040462427746,127,0.8498294161551901,147.02048899484788
APACHE,87,144,0.6527777777777778,94,0.8374715014539962,120.59589620937545
APACHE,88,150,0.6666666666666666,100,0.8243418171840043,123.65127257760065
APACHE,89,175,0.5771428571428572,101,0.8106655695823183,141.8664746769057
APACHE,90,115,0.6434782608695652,74,0.7967196769059876,91.62276284418857
APACHE,91,103,0.5922330097087378,61,0.7828374242676489,80.63225469956784
APACHE,92,99,0.5151515151515151,51,0.769413283487525,76.17191506526498
APACHE,93,77,0.5714285714285714,44,0.7569078979617875,58.281908143057635
APACHE,94,57,0.543859649122807,31,0.7458532325472755,42.5136342551947
APACHE,95,50,0.52,26,0.7368578884625792,36.84289442312896
APACHE,96,51,0.37254901960784315,19,0.7306125832054787,37.26124174347942
APACHE,97,40,0.175,7,0.7278957954867479,29.115831819469914
APACHE,98,30,0.2,6,0.7295795751803148,21.887387255409443
APACHE,99,32,0.15625,5,0.7366355182897844,23.5723365852731
COCHISE,19,755,0.6397350993377483,483,0.7111950404843559,536.9522555656887
COCHISE,20,945,0.5989417989417989,566,0.6736634528675922,636.6119629598746
COCHISE,21,1058,0.552930056710775,585,0.6454884762942408,682.9268079193067
COCHISE,22,1025,0.5024390243902439,515,0.6253884600765467,641.0231715784604
COCHISE,23,1030,0.4640776699029126,478,0.612197498827369,630.5634237921901
COCHISE,24,1006,0.46222664015904574,465,0.6048590311996878,608.4881853868859
COCHISE,25,1002,0.4550898203592814,456,0.6024196036424687,603.6244428497537
COCHISE,26,1028,0.4727626459143969,486,0.6040227991728917,620.9354375497327
COCHISE,27,982,0.48574338085539714,477,0.6089033311649346,597.9430712039657
COCHISE,28,1068,0.5140449438202247,549,0.6163813021543221,658.295230700816
COCHISE,29,1096,0.5255474452554745,576,0.6258566276598324,685.9388639151763
COCHISE,30,1103,0.5512239347234814,608,0.6368036250209635,702.3943983981228
COCHISE,31,1116,0.578853046594982,646,0.6487657672519619,724.0225962531895
COCHISE,32,1105,0.5701357466063348,630,0.6613506019122092,730.7924151129912
COCHISE,33,1052,0.5674904942965779,597,0.6742248349929703,709.2845264126047
COCHISE,34,992,0.6320564516129032,627,0.6871095798205019,681.612703181938
COCHISE,35,1028,0.6089494163424124,626,0.6997757709755199,719.3694925628345
COCHISE,36,1048,0.6135496183206107,643,0.7120397432290294,746.2176509040228
COCHISE,37,1081,0.6558741905642923,709,0.7237589754945118,782.3834525095673
COCHISE,38,1109,0.7006311992786294,777,0.7348279997964744,814.9242517742902
COCHISE,39,1087,0.6927322907083716,753,0.7451744752553596,810.0046546025759
COCHISE,40,1083,0.6518928901200369,706,0.7547554270888147,817.4001275371863
COCHISE,41,1029,0.6967930029154519,717,0.7635536506293201,785.6967064975704
COCHISE,42,1058,0.7136105860113422,755,0.7715742803581811,816.3255886189556
COCHISE,43,953,0.7219307450157397,688,0.7788415239558761,742.23597232995
COCHISE,44,944,0.7319915254237288,691,0.7853955613687679,741.4134099321169
COCHISE,45,902,0.7361419068736141,664,0.7912896088921733,713.7432272207403
COCHISE,46,932,0.7542918454935622,703,0.7965871482697945,742.4192221874484
COCHISE,47,915,0.7639344262295082,699,0.8013593208095101,733.2437785407018
COCHISE,48,896,0.7779017857142857,697,0.8056824865155252,721.8915079179105
COCHISE,49,920,0.7684782608695652,707,0.8096359482368836,744.8650723779328
COCHISE,50,990,0.7707070707070707,763,0.8132998408323386,805.1668424240153
COCHISE,51,1041,0.7800192122958693,812,0.8167531853515858,850.2400659510008
COCHISE,52,1002,0.7694610778443114,771,0.8200721082328537,821.7122524493194
COCHISE,53,1071,0.7917833800186741,848,0.8233282255168568,881.7845295285537
COCHISE,54,1083,0.8180978762696214,886,0.8265871920771077,895.1939290195077
COCHISE,55,1095,0.7899543378995434,865,0.8299074158665893,908.7486203739153
COCHISE,56,1174,0.8066439522998297,947,0.8333389371807886,978.3399122502458
COCHISE,57,1273,0.8342498036135114,1062,0.8369224729370885,1065.4023080489137
COCHISE,58,1328,0.8094879518072289,1075,0.8406886259705219,1116.434495288853
COCHISE,59,1345,0.828996282527881,1115,0.8446572593458845,1136.0640138202148
COCHISE,60,1402,0.8195435092724679,1149,0.8488370356862092,1190.0695240320651
COCHISE,61,1480,0.8635135135135135,1278,0.8532251215175992,1262.7731798460468
COCHISE,62,1466,0.8581173260572987,1258,0.8578070566304228,1257.5451450201997
COCHISE,63,1480,0.856081081081081,1267,0.8625567884568671,1276.5840469161633
COCHISE,64,1600,0.881875,1411,0.8674368714648527,1387.8989943437643
COCHISE,65,1560,0.8724358974358974,1361,0.8723988315683086,1360.9421772465614
COCHISE,66,1578,0.8738910012674271,1379,0.8773836955538071,1384.5114715839077
COCHISE,67,1541,0.8922777417261518,1375,0.8823226855235587,1359.659258391804
COCHISE,68,1575,0.8857142857142857,1395,0.8871380783547679,1397.2424734087595
COCHISE,69,1678,0.8927294398092968,1498,0.8917442301753479,1496.3468182342338
COCHISE,70,1496,0.8963903743315508,1341,0.8960487658559977,1340.4889537205725
COCHISE,71,1457,0.8984214138641043,1309,0.8999539335186378,1311.2328811366554
COCHISE,72,1416,0.884180790960452,1252,0.9033581240612047,1279.155103670666
COCHISE,73,1503,0.9001996007984032,1353,0.9061575556988102,1361.9548062153117
COCHISE,74,1545,0.8951456310679612,1383,0.9082481235212554,1403.2433508403396
COCHISE,75,1274,0.8971742543171115,1143,0.9095274140669096,1158.737925521243
COCHISE,76,1042,0.8790786948176583,916,0.9098968849129462,948.1125540792899
COCHISE,77,1019,0.8949950932286556,912,0.9092642092819403,926.5402292582971
COCHISE,78,1121,0.8956289027653881,1004,0.9075457856648264,1017.3588257302704
COCHISE,79,1014,0.8905325443786982,903,0.9046694124602157,917.3347842346587
COCHISE,80,872,0.8876146788990825,774,0.9005771276300748,785.3032552934252
COCHISE,81,753,0.8778220451527224,661,0.895228213371763,674.1068446689375
COCHISE,82,687,0.9053857350800583,622,0.8886023658064313,610.4698253090182
COCHISE,83,633,0.8672985781990521,549,0.8807030296837803,557.4850177898329
COCHISE,84,562,0.8843416370106761,497,0.8715608981031802,489.81722473398725
COCHISE,85,473,0.8562367864693446,405,0.8612375772511486,407.36537403979327
COCHISE,86,453,0.8366445916114791,379,0.8498294161551901,384.97272551830116
COCHISE,87,347,0.8587896253602305,298,0.8374715014539962,290.6026110045367
COCHISE,88,277,0.851985559566787,236,0.8243418171840043,228.34268335996921
COCHISE,89,257,0.7976653696498055,205,0.8106655695823183,208.3410513826558
COCHISE,90,218,0.7981651376146789,174,0.7967196769059876,173.68488956550527
COCHISE,91,195,0.7487179487179487,146,0.7828374242676489,152.65329773219153
COCHISE,92,141,0.7588652482269503,107,0.769413283487525,108.48727297174104
COCHISE,93,109,0.7706422018348624,84,0.7569078979617875,82.50296087783484
COCHISE,94,95,0.6947368421052632,66,0.7458532325472755,70.85605709199118
COCHISE,95,66,0.6212121212121212,41,0.7368578884625792,48.63262063853023
COCHISE,96,64,0.609375,39,0.7306125832054787,46.75920532515064
COCHISE,97,35,0.6,21,0.7278957954867479,25.476352842036174
COCHISE,98,23,0.7391304347826086,17,0.7295795751803148,16.78033022914724
COCHISE,99,22,0.7272727272727273,16,0.7366355182897844,16.205981402375254
COCONINO,19,1279,0.6630179827990618,848,0.7111950404843559,909.6184567794912
COCONINO,20,2019,0.633977216443784,1280,0.6736634528675922,1360.1265113396687
COCONINO,21,2584,0.6346749226006192,1640,0.6454884762942408,1667.942222744318
COCONINO,22,2558,0.6559812353401094,1678,0.6253884600765467,1599.7436808758064
COCONINO,23,2452,0.5652528548123981,1386,0.612197498827369,1501.1082671247086
COCONINO,24,2188,0.5539305301645339,1212,0.6048590311996878,1323.431560264917
COCONINO,25,1897,0.5872430152872957,1114,0.6024196036424687,1142.789988109763
COCONINO,26,1791,0.6080402010050251,1089,0.6040227991728917,1081.8048333186491
COCONINO,27,1698,0.6283863368669023,1067,0.6089033311649346,1033.917856318059
COCONINO,28,1676,0.6366348448687351,1067,0.6163813021543221,1033.0550624106438
COCONINO,29,1760,0.6892045454545455,1213,0.6258566276598324,1101.507664681305
COCONINO,30,1683,0.6720142602495544,1131,0.6368036250209635,1071.7405009102818
COCONINO,31,1756,0.69874715261959,1227,0.6487657672519619,1139.232687294445
COCONINO,32,1673,0.7053197848176928,1180,0.6613506019122092,1106.439556999126
COCONINO,33,1606,0.7229140722291407,1161,0.6742248349929703,1082.8050849987103
COCONINO,34,1559,0.7132777421423989,1112,0.6871095798205019,1071.2038349401626
COCONINO,35,1520,0.7486842105263158,1138,0.6997757709755199,1063.6591718827904
COCONINO,36,1560,0.7564102564102564,1180,0.7120397432290294,1110.7819994372858
COCONINO,37,1481,0.763673193787981,1131,0.7237589754945118,1071.887042707372
COCONINO,38,1451,0.7649896623018608,1110,0.7348279997964744,1066.2354277046843
COCONINO,39,1421,0.7733990147783252,1099,0.7451744752553596,1058.892929337866
COCONINO,40,1452,0.7961432506887053,1156,0.7547554270888147,1095.9048801329589
COCONINO,41,1402,0.8045649072753209,1128,0.7635536506293201,1070.5022181823067
COCONINO,42,1371,0.7855579868708972,1077,0.7715742803581811,1057.8283383710664
COCONINO,43,1274,0.8037676609105181,1024,0.7788415239558761,992.2441015197862
COCONINO,44,1277,0.7815191855912295,998,0.7853955613687679,1002.9501318679165
COCONINO,45,1347,0.8225686711210096,1108,0.7912896088921733,1065.8671031777574
COCONINO,46,1251,0.8201438848920863,1026,0.7965871482697945,996.5305224855128
COCONINO,47,1288,0.8183229813664596,1054,0.8013593208095101,1032.150805202649
COCONINO,48,1220,0.8073770491803278,985,0.8056824865155252,982.9326335489408
COCONINO,49,1203,0.8246051537822111,992,0.8096359482368836,973.9920457289709
COCONINO,50,1275,0.8352941176470589,1065,0.8132998408323386,1036.9572970612317
COCONINO,51,1410,0.8460992907801419,1193,0.8167531853515858,1151.621991345736
COCONINO,52,1232,0.8465909090909091,1043,0.8200721082328537,1010.3288373428758
COCONINO,53,1293,0.8391337973704563,1085,0.8233282255168568,1064.5633955932958
COCONINO,54,1273,0.8350353495679497,1063,0.8265871920771077,1052.2454955141582
COCONINO,55,1174,0.8185689948892675,961,0.8299074158665893,974.3113062273759
COCONINO,56,1300,0.8430769230769231,1096,0.8333389371807886,1083.340618335025
COCONINO,57,1396,0.8459885386819485,1181,0.8369224729370885,1168.3437722201757
COCONINO,58,1455,0.8494845360824742,1236,0.8406886259705219,1223.2019507871094
COCONINO,59,1407,0.8692253020611229,1223,0.8446572593458845,1188.4327638996594
COCONINO,60,1522,0.8850197109067017,1347,0.8488370356862092,1291.9299683144104
COCONINO,61,1579,0.8815706143128562,1392,0.8532251215175992,1347.2424668762892
COCONINO,62,1610,0.8695652173913043,1400,0.8578070566304228,1381.0693611749807
COCONINO,63,1453,0.8891947694425327,1292,0.8625567884568671,1253.295013627828
COCONINO,64,1469,0.9094622191967324,1336,0.8674368714648527,1274.2647641818687
COCONINO,65,1471,0.8851121685927941,1302,0.8723988315683086,1283.2986812369818
COCONINO,66,1500,0.908,1362,0.8773836955538071,1316.0755433307106
COCONINO,67,1508,0.9151193633952255,1380,0.8823226855235587,1330.5426097695265
COCONINO,68,1403,0.932287954383464,1308,0.8871380783547679,1244.6547239317392
COCONINO,69,1418,0.9301833568406206,1319,0.8917442301753479,1264.4933183886433
COCONINO,70,1238,0.9369951534733441,1160,0.8960487658559977,1109.308372129725
COCONINO,71,1166,0.9150943396226415,1067,0.8999539335186378,1049.3462864827318
COCONINO,72,1095,0.9296803652968036,1018,0.9033581240612047,989.1771458470192
COCONINO,73,1034,0.9284332688588007,960,0.9061575556988102,936.9669125925698
COCONINO,74,1024,0.919921875,942,0.9082481235212554,930.0460784857655
COCONINO,75,925,0.9243243243243243,855,0.9095274140669096,841.3128580118914
COCONINO,76,722,0.9155124653739612,661,0.9098968849129462,656.9455509071471
COCONINO,77,599,0.9131886477462438,547,0.9092642092819403,544.6492613598822
COCONINO,78,665,0.912781954887218,607,0.9075457856648264,603.5179474671095
COCONINO,79,609,0.916256157635468,558,0.9046694124602157,550.9436721882714
COCONINO,80,493,0.9107505070993914,449,0.9005771276300748,443.9845239216269
COCONINO,81,443,0.909706546275395,403,0.895228213371763,396.58609852369096
COCONINO,82,402,0.8930348258706468,359,0.8886023658064313,357.21815105418534
COCONINO,83,356,0.8820224719101124,314,0.8807030296837803,313.5302785674258
COCONINO,84,310,0.867741935483871,269,0.8715608981031802,270.18387841198586
COCONINO,85,279,0.8172043010752689,228,0.8612375772511486,240.28528405307046
COCONINO,86,201,0.8407960199004975,169,0.8498294161551901,170.8157126471932
COCONINO,87,197,0.868020304568528,171,0.8374715014539962,164.98188578643726
COCONINO,88,157,0.8726114649681529,137,0.8243418171840043,129.4216652978887
COCONINO,89,146,0.7876712328767124,115,0.8106655695823183,118.35717315901847
COCONINO,90,137,0.7956204379562044,109,0.7967196769059876,109.1505957361203
COCONINO,91,129,0.751937984496124,97,0.7828374242676489,100.98602773052671
COCONINO,92,95,0.8,76,0.769413283487525,73.09426193131488
COCONINO,93,88,0.7613636363636364,67,0.7569078979617875,66.6078950206373
COCONINO,94,61,0.7704918032786885,47,0.7458532325472755,45.497047185383806
COCONINO,95,45,0.6888888888888889,31,0.7368578884625792,33.158604980816065
COCONINO,96,41,0.7804878048780488,32,0.7306125832054787,29.955115911424627
COCONINO,97,26,0.5384615384615384,14,0.7278957954867479,18.925290682655444
COCONINO,98,15,0.8,12,0.7295795751803148,10.943693627704722
COCONINO,99,17,0.5294117647058824,9,0.7366355182897844,12.522803810926334
GILA,19,216,0.6574074074074074,142,0.7111950404843559,153.61812874462086
GILA,20,297,0.622895622895623,185,0.6736634528675922,200.0780455016749
GILA,21,320,0.521875,167,0.6454884762942408,206.55631241415705
GILA,22,357,0.5182072829131653,185,0.6253884600765467,223.26368024732716
GILA,23,366,0.5327868852459017,195,0.612197498827369,224.06428457081705
GILA,24,345,0.4985507246376812,172,0.6048590311996878,208.67636576389228
GILA,25,336,0.49107142857142855,165,0.6024196036424687,202.4129868238695
GILA,26,321,0.573208722741433,184,0.6040227991728917,193.89131853449823
GILA,27,340,0.5470588235294118,186,0.6089033311649346,207.02713259607776
GILA,28,379,0.5303430079155673,201,0.6163813021543221,233.60851351648807
GILA,29,361,0.5706371191135734,206,0.6258566276598324,225.9342425851995
GILA,30,346,0.5751445086705202,199,0.6368036250209635,220.3340542572534
GILA,31,389,0.6323907455012854,246,0.6487657672519619,252.3698834610132
GILA,32,386,0.5466321243523317,211,0.6613506019122092,255.28133233811275
GILA,33,392,0.5918367346938775,232,0.6742248349929703,264.29613531724436
GILA,34,340,0.6470588235294118,220,0.6871095798205019,233.61725713897064
GILA,35,364,0.6428571428571429,234,0.6997757709755199,254.71838063508923
GILA,36,374,0.6737967914438503,252,0.7120397432290294,266.302863967657
GILA,37,357,0.6666666666666666,238,0.7237589754945118,258.3819542515407
GILA,38,336,0.6845238095238095,230,0.7348279997964744,246.9022079316154
GILA,39,338,0.7337278106508875,248,0.7451744752553596,251.86897263631155
GILA,40,351,0.6438746438746439,226,0.7547554270888147,264.91915490817394
GILA,41,335,0.6567164179104478,220,0.7635536506293201,255.79047296082223
GILA,42,325,0.7107692307692308,231,0.7715742803581811,250.76164111640887
GILA,43,314,0.7070063694267515,222,0.7788415239558761,244.5562385221451
GILA,44,333,0.7327327327327328,244,0.7853955613687679,261.5367219357997
GILA,45,325,0.7476923076923077,243,0.7912896088921733,257.1691228899563
GILA,46,313,0.7348242811501597,230,0.7965871482697945,249.33177740844567
GILA,47,298,0.7080536912751678,211,0.8013593208095101,238.80507760123402
GILA,48,366,0.7431693989071039,272,0.8056824865155252,294.87979006468225
GILA,49,371,0.7789757412398922,289,0.8096359482368836,300.3749367958838
GILA,50,412,0.7694174757281553,317,0.8132998408323386,335.07953442292353
GILA,51,453,0.7770419426048565,352,0.8167531853515858,369.9891929642684
GILA,52,460,0.7695652173913043,354,0.8200721082328537,377.23316978711273
GILA,53,431,0.7842227378190255,338,0.8233282255168568,354.8544651977653
GILA,54,452,0.7853982300884956,355,0.8265871920771077,373.6174108188527
GILA,55,465,0.8150537634408602,379,0.8299074158665893,385.90694837796406
GILA,56,531,0.879472693032015,467,0.8333389371807886,442.5029756429987
GILA,57,523,0.8221797323135756,430,0.8369224729370885,437.7104533460973
GILA,58,570,0.8508771929824561,485,0.8406886259705219,479.19251680319746
GILA,59,621,0.8631239935587761,536,0.8446572593458845,524.5321580537943
GILA,60,715,0.8587412587412587,614,0.8488370356862092,606.9184805156395
GILA,61,695,0.8561151079136691,595,0.8532251215175992,592.9914594547315
GILA,62,744,0.885752688172043,659,0.8578070566304228,638.2084501330346
GILA,63,789,0.8821292775665399,696,0.8625567884568671,680.5573060924681
GILA,64,804,0.8868159203980099,713,0.8674368714648527,697.4192446577416
GILA,65,859,0.8824214202561118,758,0.8723988315683086,749.390596317177
GILA,66,820,0.8804878048780488,722,0.8773836955538071,719.4546303541218
GILA,67,855,0.9076023391812865,776,0.8823226855235587,754.3858961226427
GILA,68,841,0.9143876337693222,769,0.8871380783547679,746.0831238963598
GILA,69,858,0.916083916083916,786,0.8917442301753479,765.1165494904485
GILA,70,864,0.9178240740740741,793,0.8960487658559977,774.186133699582
GILA,71,764,0.9136125654450262,698,0.8999539335186378,687.5648052082394
GILA,72,791,0.9279393173198482,734,0.9033581240612047,714.5562761324129
GILA,73,752,0.9202127659574468,692,0.9061575556988102,681.4304818855053
GILA,74,853,0.943728018757327,805,0.9082481235212554,774.7356493636308
GILA,75,717,0.9414225941422594,675,0.9095274140669096,652.1311558859742
GILA,76,571,0.9019264448336253,515,0.9098968849129462,519.5511212852923
GILA,77,587,0.938671209540034,551,0.9092642092819403,533.7380908484989
GILA,78,579,0.9222797927461139,534,0.9075457856648264,525.4690098999345
GILA,79,512,0.94140625,482,0.9046694124602157,463.19073917963044
GILA,80,468,0.9123931623931624,427,0.9005771276300748,421.470095730875
GILA,81,383,0.9190600522193212,352,0.895228213371763,342.87240572138523
GILA,82,348,0.8994252873563219,313,0.8886023658064313,309.2336233006381
GILA,83,330,0.8484848484848485,280,0.8807030296837803,290.6319997956475
GILA,84,256,0.90234375,231,0.8715608981031802,223.11958991441412
GILA,85,288,0.9027777777777778,260,0.8612375772511486,248.03642224833078
GILA,86,224,0.8705357142857143,195,0.8498294161551901,190.3617892187626
GILA,87,205,0.8926829268292683,183,0.8374715014539962,171.6816577980692
GILA,88,164,0.9146341463414634,150,0.8243418171840043,135.1920580181767
GILA,89,130,0.8769230769230769,114,0.8106655695823183,105.38652404570138
GILA,90,130,0.8769230769230769,114,0.7967196769059876,103.57355799777838
GILA,91,104,0.8076923076923077,84,0.7828374242676489,81.41509212383549
GILA,92,80,0.8125,65,0.769413283487525,61.553062679002004
GILA,93,58,0.7758620689655172,45,0.7569078979617875,43.900658081783675
GILA,94,41,0.6829268292682927,28,0.7458532325472755,30.579982534438297
GILA,95,41,0.7073170731707317,29,0.7368578884625792,30.211173426965747
GILA,96,27,0.7407407407407407,20,0.7306125832054787,19.726539746547925
GILA,97,15,0.8,12,0.7278957954867479,10.918436932301217
GILA,98,14,0.6428571428571429,9,0.7295795751803148,10.214114052524407
GILA,99,9,0.3333333333333333,3,0.7366355182897844,6.629719664608059
GRAHAM,19,317,0.694006309148265,220,0.7111950404843559,225.4488278335408
GRAHAM,20,370,0.6,222,0.6736634528675922,249.25547756100912
GRAHAM,21,387,0.5658914728682171,219,0.6454884762942408,249.80404032587117
GRAHAM,22,396,0.5303030303030303,210,0.6253884600765467,247.65383019031248
GRAHAM,23,381,0.5196850393700787,198,0.612197498827369,233.24724705322757
GRAHAM,24,397,0.5491183879093199,218,0.6048590311996878,240.12903538627603
GRAHAM,25,387,0.5503875968992248,213,0.6024196036424687,233.1363866096354
GRAHAM,26,322,0.5217391304347826,168,0.6040227991728917,194.49534133367112
GRAHAM,27,336,0.5446428571428571,183,0.6089033311649346,204.591519271418
GRAHAM,28,355,0.5521126760563381,196,0.6163813021543221,218.81536226478434
GRAHAM,29,367,0.5694822888283378,209,0.6258566276598324,229.68938235115849
GRAHAM,30,354,0.5988700564971752,212,0.6368036250209635,225.4284832574211
GRAHAM,31,390,0.6230769230769231,243,0.6487657672519619,253.01864922826513
GRAHAM,32,363,0.5895316804407713,214,0.6613506019122092,240.07026849413194
GRAHAM,33,328,0.6128048780487805,201,0.6742248349929703,221.14574587769425
GRAHAM,34,312,0.6185897435897436,193,0.6871095798205019,214.3781889039966
GRAHAM,35,308,0.6785714285714286,209,0.6997757709755199,215.53093746046014
GRAHAM,36,331,0.6404833836858006,212,0.7120397432290294,235.68515500880872
GRAHAM,37,332,0.677710843373494,225,0.7237589754945118,240.28797986417794
GRAHAM,38,311,0.6720257234726688,209,0.7348279997964744,228.53150793670355
GRAHAM,39,317,0.5993690851735016,190,0.7451744752553596,236.220308655949
GRAHAM,40,351,0.6752136752136753,237,0.7547554270888147,264.91915490817394
GRAHAM,41,354,0.7146892655367232,253,0.7635536506293201,270.29799232277935
GRAHAM,42,313,0.744408945686901,233,0.7715742803581811,241.50274975211067
GRAHAM,43,364,0.7060439560439561,257,0.7788415239558761,283.4983147199389
GRAHAM,44,345,0.7594202898550725,262,0.7853955613687679,270.9614686722249
GRAHAM,45,281,0.8291814946619217,233,0.7912896088921733,222.35238009870068
GRAHAM,46,329,0.756838905775076,249,0.7965871482697945,262.0771717807624
GRAHAM,47,288,0.7430555555555556,214,0.8013593208095101,230.79148439313892
GRAHAM,48,308,0.762987012987013,235,0.8056824865155252,248.15020584678177
GRAHAM,49,264,0.7386363636363636,195,0.8096359482368836,213.74389033453727
GRAHAM,50,300,0.74,222,0.8132998408323386,243.9899522497016
GRAHAM,51,296,0.8074324324324325,239,0.8167531853515858,241.7589428640694
GRAHAM,52,286,0.7972027972027972,228,0.8200721082328537,234.54062295459616
GRAHAM,53,286,0.7657342657342657,219,0.8233282255168568,235.47187249782104
GRAHAM,54,280,0.7964285714285714,223,0.8265871920771077,231.44441378159016
GRAHAM,55,264,0.7462121212121212,197,0.8299074158665893,219.0955577887796
GRAHAM,56,251,0.7888446215139442,198,0.8333389371807886,209.16807323237794
GRAHAM,57,306,0.8169934640522876,250,0.8369224729370885,256.0982767187491
GRAHAM,58,303,0.7887788778877888,239,0.8406886259705219,254.7286536690681
GRAHAM,59,305,0.8327868852459016,254,0.8446572593458845,257.62046410049476
GRAHAM,60,283,0.8197879858657244,232,0.8488370356862092,240.2208810991972
GRAHAM,61,293,0.8225255972696246,241,0.8532251215175992,249.99496060465657
GRAHAM,62,309,0.8155339805825242,252,0.8578070566304228,265.0623804988006
GRAHAM,63,299,0.8494983277591973,254,0.8625567884568671,257.90447974860325
GRAHAM,64,328,0.8353658536585366,274,0.8674368714648527,284.5192938404717
GRAHAM,65,326,0.8742331288343558,285,0.8723988315683086,284.4020190912686
GRAHAM,66,298,0.8758389261744967,261,0.8773836955538071,261.4603412750345
GRAHAM,67,322,0.8913043478260869,287,0.8823226855235587,284.10790473858594
GRAHAM,68,275,0.850909090909091,234,0.8871380783547679,243.96297154756115
GRAHAM,69,294,0.8809523809523809,259,0.8917442301753479,262.1728036715523
GRAHAM,70,282,0.875886524822695,247,0.8960487658559977,252.68575197139134
GRAHAM,71,284,0.8838028169014085,251,0.8999539335186378,255.58691711929313
GRAHAM,72,234,0.9102564102564102,213,0.9033581240612047,211.38580103032191
GRAHAM,73,242,0.9049586776859504,219,0.9061575556988102,219.29012847911207
GRAHAM,74,230,0.9,207,0.9082481235212554,208.89706840988873
GRAHAM,75,223,0.874439461883408,195,0.9095274140669096,202.82461333692083
GRAHAM,76,164,0.9451219512195121,155,0.9098968849129462,149.22308912572316
GRAHAM,77,164,0.9024390243902439,148,0.9092642092819403,149.1193303222382
GRAHAM,78,190,0.8736842105263158,166,0.9075457856648264,172.43369927631701
GRAHAM,79,162,0.8580246913580247,139,0.9046694124602157,146.55644481855495
GRAHAM,80,163,0.8711656441717791,142,0.9005771276300748,146.7940718037022
GRAHAM,81,129,0.8682170542635659,112,0.895228213371763,115.48443952495742
GRAHAM,82,125,0.848,106,0.8886023658064313,111.07529572580391
GRAHAM,83,107,0.8785046728971962,94,0.8807030296837803,94.2352241761645
GRAHAM,84,105,0.8285714285714286,87,0.8715608981031802,91.51389430083391
GRAHAM,85,93,0.8387096774193549,78,0.8612375772511486,80.09509468435682
GRAHAM,86,83,0.891566265060241,74,0.8498294161551901,70.53584154088078
GRAHAM,87,73,0.8904109589041096,65,0.8374715014539962,61.135419606141724
GRAHAM,88,55,0.9090909090909091,50,0.8243418171840043,45.338799945120236
GRAHAM,89,56,0.8035714285714286,45,0.8106655695823183,45.39727189660982
GRAHAM,90,49,0.8979591836734694,44,0.7967196769059876,39.03926416839339
GRAHAM,91,53,0.8113207547169812,43,0.7828374242676489,41.490383486185394
GRAHAM,92,40,0.8,32,0.769413283487525,30.776531339501002
GRAHAM,93,27,0.6666666666666666,18,0.7569078979617875,20.43651324496826
GRAHAM,94,20,0.75,15,0.7458532325472755,14.91706465094551
GRAHAM,95,16,0.75,12,0.7368578884625792,11.789726215401267
GRAHAM,96,10,0.8,8,0.7306125832054787,7.3061258320547875
GRAHAM,97,5,0.6,3,0.7278957954867479,3.6394789774337393
GRAHAM,98,4,1,4,0.7295795751803148,2.918318300721259
GRAHAM,99,4,0.5,2,0.7366355182897844,2.9465420731591374
GREENLEE,19,46,0.782608695652174,36,0.7111950404843559,32.71497186228037
GREENLEE,20,67,0.5970149253731343,40,0.6736634528675922,45.135451342128675
GREENLEE,21,61,0.5573770491803278,34,0.6454884762942408,39.37479705394869
GREENLEE,22,83,0.5783132530120482,48,0.6253884600765467,51.90724218635337
GREENLEE,23,70,0.38571428571428573,27,0.612197498827369,42.85382491791583
GREENLEE,24,100,0.59,59,0.6048590311996878,60.485903119968775
GREENLEE,25,90,0.4,36,0.6024196036424687,54.21776432782218
GREENLEE,26,79,0.4810126582278481,38,0.6040227991728917,47.717801134658444
GREENLEE,27,88,0.625,55,0.6089033311649346,53.58349314251424
GREENLEE,28,84,0.6190476190476191,52,0.6163813021543221,51.77602938096305
GREENLEE,29,88,0.625,55,0.6258566276598324,55.07538323406525
GREENLEE,30,97,0.6391752577319587,62,0.6368036250209635,61.769951627033464
GREENLEE,31,99,0.7171717171717171,71,0.6487657672519619,64.22781095794423
GREENLEE,32,91,0.7472527472527473,68,0.6613506019122092,60.182904774011035
GREENLEE,33,83,0.6867469879518072,57,0.6742248349929703,55.96066130441653
GREENLEE,34,92,0.7717391304347826,71,0.6871095798205019,63.21408134348618
GREENLEE,35,87,0.7586206896551724,66,0.6997757709755199,60.88049207487023
GREENLEE,36,90,0.6555555555555556,59,0.7120397432290294,64.08357689061265
GREENLEE,37,94,0.7021276595744681,66,0.7237589754945118,68.03334369648411
GREENLEE,38,85,0.7647058823529411,65,0.7348279997964744,62.460379982700324
GREENLEE,39,95,0.8105263157894737,77,0.7451744752553596,70.79157514925916
GREENLEE,40,98,0.6836734693877551,67,0.7547554270888147,73.96603185470384
GREENLEE,41,75,0.68,51,0.7635536506293201,57.26652379719901
GREENLEE,42,82,0.6829268292682927,56,0.7715742803581811,63.26909098937085
GREENLEE,43,87,0.8390804597701149,73,0.7788415239558761,67.75921258416122
GREENLEE,44,83,0.7710843373493976,64,0.7853955613687679,65.18783159360774
GREENLEE,45,71,0.7746478873239436,55,0.7912896088921733,56.1815622313443
GREENLEE,46,53,0.7735849056603774,41,0.7965871482697945,42.219118858299105
GREENLEE,47,81,0.7283950617283951,59,0.8013593208095101,64.91010498557031
GREENLEE,48,86,0.6046511627906976,52,0.8056824865155252,69.28869384033517
GREENLEE,49,68,0.8088235294117647,55,0.8096359482368836,55.05524448010808
GREENLEE,50,78,0.717948717948718,56,0.8132998408323386,63.43738758492241
GREENLEE,51,73,0.7534246575342466,55,0.8167531853515858,59.622982530665766
GREENLEE,52,72,0.8472222222222222,61,0.8200721082328537,59.045191792765465
GREENLEE,53,75,0.8133333333333334,61,0.8233282255168568,61.74961691376426
GREENLEE,54,60,0.8833333333333333,53,0.8265871920771077,49.59523152462646
GREENLEE,55,71,0.8169014084507042,58,0.8299074158665893,58.92342652652784
GREENLEE,56,83,0.8674698795180723,72,0.8333389371807886,69.16713178600546
GREENLEE,57,78,0.8589743589743589,67,0.8369224729370885,65.27995288909291
GREENLEE,58,61,0.6721311475409836,41,0.8406886259705219,51.28200618420183
GREENLEE,59,85,0.8,68,0.8446572593458845,71.79586704440018
GREENLEE,60,71,0.7887323943661971,56,0.8488370356862092,60.26742953372085
GREENLEE,61,79,0.8227848101265823,65,0.8532251215175992,67.40478459989033
GREENLEE,62,82,0.8414634146341463,69,0.8578070566304228,70.34017864369467
GREENLEE,63,84,0.8571428571428571,72,0.8625567884568671,72.45477023037684
GREENLEE,64,81,0.8271604938271605,67,0.8674368714648527,70.26238658865307
GREENLEE,65,73,0.9178082191780822,67,0.8723988315683086,63.68511470448652
GREENLEE,66,76,0.9078947368421053,69,0.8773836955538071,66.68116086208934
GREENLEE,67,82,0.9146341463414634,75,0.8823226855235587,72.35046021293182
GREENLEE,68,79,0.9113924050632911,72,0.8871380783547679,70.08390819002666
GREENLEE,69,56,0.9464285714285714,53,0.8917442301753479,49.93767688981948
GREENLEE,70,55,0.9272727272727272,51,0.8960487658559977,49.282682122079876
GREENLEE,71,55,0.9454545454545454,52,0.8999539335186378,49.49746634352508
GREENLEE,72,51,0.8823529411764706,45,0.9033581240612047,46.07126432712144
GREENLEE,73,59,0.8813559322033898,52,0.9061575556988102,53.4632957862298
GREENLEE,74,48,0.875,42,0.9082481235212554,43.59590992902026
GREENLEE,75,43,0.9069767441860465,39,0.9095274140669096,39.10967880487711
GREENLEE,76,30,0.7333333333333333,22,0.9098968849129462,27.296906547388385
GREENLEE,77,41,0.9512195121951219,39,0.9092642092819403,37.27983258055955
GREENLEE,78,39,0.9230769230769231,36,0.9075457856648264,35.39428564092823
GREENLEE,79,38,0.9736842105263158,37,0.9046694124602157,34.377437673488195
GREENLEE,80,20,0.9,18,0.9005771276300748,18.011542552601497
GREENLEE,81,25,0.96,24,0.895228213371763,22.380705334294074
GREENLEE,82,20,0.95,19,0.8886023658064313,17.772047316128624
GREENLEE,83,21,0.8095238095238095,17,0.8807030296837803,18.494763623359386
GREENLEE,84,15,0.9333333333333333,14,0.8715608981031802,13.073413471547703
GREENLEE,85,17,0.8823529411764706,15,0.8612375772511486,14.641038813269526
GREENLEE,86,14,0.9285714285714286,13,0.8498294161551901,11.897611826172662
GREENLEE,87,13,0.9230769230769231,12,0.8374715014539962,10.88712951890195
GREENLEE,88,14,0.7857142857142857,11,0.8243418171840043,11.54078544057606
GREENLEE,89,14,0.8571428571428571,12,0.8106655695823183,11.349317974152456
GREENLEE,90,18,0.9444444444444444,17,0.7967196769059876,14.340954184307776
GREENLEE,91,12,0.75,9,0.7828374242676489,9.394049091211787
GREENLEE,92,11,0.8181818181818182,9,0.769413283487525,8.463546118362775
GREENLEE,93,10,0.7,7,0.7569078979617875,7.569078979617875
GREENLEE,94,6,1,6,0.7458532325472755,4.475119395283653
GREENLEE,95,2,0.5,1,0.7368578884625792,1.4737157769251583
GREENLEE,96,3,0.3333333333333333,1,0.7306125832054787,2.191837749616436
GREENLEE,97,2,0.5,1,0.7278957954867479,1.4557915909734958
GREENLEE,98,3,0.6666666666666666,2,0.7295795751803148,2.1887387255409445
GREENLEE,99,2,0.5,1,0.7366355182897844,1.4732710365795687
LA PAZ,19,64,0.546875,35,0.7111950404843559,45.51648259099878
LA PAZ,20,100,0.47,47,0.6736634528675922,67.36634528675923
LA PAZ,21,108,0.42592592592592593,46,0.6454884762942408,69.71275543977801
LA PAZ,22,119,0.4117647058823529,49,0.6253884600765467,74.42122674910905
LA PAZ,23,126,0.42857142857142855,54,0.612197498827369,77.13688485224849
LA PAZ,24,112,0.35714285714285715,40,0.6048590311996878,67.74421149436503
LA PAZ,25,116,0.46551724137931033,54,0.6024196036424687,69.88067402252636
LA PAZ,26,103,0.3786407766990291,39,0.6040227991728917,62.21434831480784
LA PAZ,27,115,0.45217391304347826,52,0.6089033311649346,70.02388308396748
LA PAZ,28,112,0.4375,49,0.6163813021543221,69.03470584128408
LA PAZ,29,124,0.5241935483870968,65,0.6258566276598324,77.60622182981922
LA PAZ,30,121,0.45454545454545453,55,0.6368036250209635,77.05323862753659
LA PAZ,31,128,0.5078125,65,0.6487657672519619,83.04201820825112
LA PAZ,32,136,0.4411764705882353,60,0.6613506019122092,89.94368186006045
LA PAZ,33,113,0.5309734513274337,60,0.6742248349929703,76.18740635420563
LA PAZ,34,117,0.47863247863247865,56,0.6871095798205019,80.39182083899873
LA PAZ,35,99,0.5555555555555556,55,0.6997757709755199,69.27780132657647
LA PAZ,36,115,0.5565217391304348,64,0.7120397432290294,81.88457047133838
LA PAZ,37,106,0.5283018867924528,56,0.7237589754945118,76.71845140241825
LA PAZ,38,113,0.6106194690265486,69,0.7348279997964744,83.0355639770016
LA PAZ,39,106,0.5943396226415094,63,0.7451744752553596,78.98849437706812
LA PAZ,40,98,0.5408163265306123,53,0.7547554270888147,73.96603185470384
LA PAZ,41,97,0.5773195876288659,56,0.7635536506293201,74.06470411104405
LA PAZ,42,122,0.6065573770491803,74,0.7715742803581811,94.1320622036981
LA PAZ,43,100,0.58,58,0.7788415239558761,77.88415239558762
LA PAZ,44,90,0.5666666666666667,51,0.7853955613687679,70.68560052318911
LA PAZ,45,102,0.6568627450980392,67,0.7912896088921733,80.71154010700167
LA PAZ,46,97,0.7010309278350515,68,0.7965871482697945,77.26895338217007
LA PAZ,47,100,0.65,65,0.8013593208095101,80.13593208095101
LA PAZ,48,92,0.6195652173913043,57,0.8056824865155252,74.12278875942832
LA PAZ,49,123,0.5772357723577236,71,0.8096359482368836,99.58522163313668
LA PAZ,50,109,0.5963302752293578,65,0.8132998408323386,88.64968265072491
LA PAZ,51,130,0.6307692307692307,82,0.8167531853515858,106.17791409570616
LA PAZ,52,130,0.6538461538461539,85,0.8200721082328537,106.60937407027099
LA PAZ,53,133,0.6165413533834586,82,0.8233282255168568,109.50265399374196
LA PAZ,54,130,0.7615384615384615,99,0.8265871920771077,107.456334970024
LA PAZ,55,150,0.7066666666666667,106,0.8299074158665893,124.4861123799884
LA PAZ,56,166,0.6807228915662651,113,0.8333389371807886,138.3342635720109
LA PAZ,57,159,0.71698113207547165,114,0.8369224729370885,133.0706731969971
LA PAZ,58,171,0.7192982456140351,123,0.8406886259705219,143.75775504095924
LA PAZ,59,218,0.7247706422018348,158,0.8446572593458845,184.13528253740282
LA PAZ,60,215,0.7488372093023256,161,0.8488370356862092,182.49996267253496
LA PAZ,61,220,0.7363636363636363,162,0.8532251215175992,187.70952673387183
LA PAZ,62,263,0.7262357414448669,191,0.8578070566304228,225.6032558938012
LA PAZ,63,236,0.7542372881355932,178,0.8625567884568671,203.56340207582065
LA PAZ,64,231,0.7359307359307359,170,0.8674368714648527,200.37791730838097
LA PAZ,65,231,0.7402597402597403,171,0.8723988315683086,201.52413009227928
LA PAZ,66,237,0.7637130801687764,181,0.8773836955538071,207.9399358462523
LA PAZ,67,239,0.7824267782426778,187,0.8823226855235587,210.87512184013053
LA PAZ,68,272,0.7941176470588235,216,0.8871380783547679,241.30155731249687
LA PAZ,69,239,0.7824267782426778,187,0.8917442301753479,213.12687101190815
LA PAZ,70,253,0.7905138339920948,200,0.8960487658559977,226.70033776156743
LA PAZ,71,229,0.7729257641921398,177,0.8999539335186378,206.08945077576806
LA PAZ,72,234,0.7606837606837606,178,0.9033581240612047,211.38580103032191
LA PAZ,73,239,0.7949790794979079,190,0.9061575556988102,216.57165581201562
LA PAZ,74,258,0.8372093023255814,216,0.9082481235212554,234.3280158684839
LA PAZ,75,252,0.8373015873015873,211,0.9095274140669096,229.20090834486123
LA PAZ,76,199,0.7839195979899497,156,0.9098968849129462,181.0694800976763
LA PAZ,77,200,0.79,158,0.9092642092819403,181.85284185638807
LA PAZ,78,199,0.8341708542713567,166,0.9075457856648264,180.60161134730043
LA PAZ,79,211,0.7914691943127962,167,0.9046694124602157,190.8852460291055
LA PAZ,80,160,0.7875,126,0.9005771276300748,144.09234042081198
LA PAZ,81,150,0.8066666666666666,121,0.895228213371763,134.28423200576444
LA PAZ,82,133,0.7744360902255639,103,0.8886023658064313,118.18411465225536
LA PAZ,83,134,0.8059701492537313,108,0.8807030296837803,118.01420597762656
LA PAZ,84,99,0.8383838383838383,83,0.8715608981031802,86.28452891221484
LA PAZ,85,86,0.7325581395348837,63,0.8612375772511486,74.06643164359878
LA PAZ,86,83,0.7590361445783133,63,0.8498294161551901,70.53584154088078
LA PAZ,87,56,0.75,42,0.8374715014539962,46.898404081423784
LA PAZ,88,53,0.7547169811320755,40,0.8243418171840043,43.69011631075223
LA PAZ,89,40,0.675,27,0.8106655695823183,32.42662278329273
LA PAZ,90,32,0.59375,19,0.7967196769059876,25.4950296609916
LA PAZ,91,16,0.8125,13,0.7828374242676489,12.525398788282383
LA PAZ,92,19,0.5789473684210527,11,0.769413283487525,14.618852386262976
LA PAZ,93,11,0.36363636363636365,4,0.7569078979617875,8.325986877579663
LA PAZ,94,13,0.5384615384615384,7,0.7458532325472755,9.696092023114582
LA PAZ,95,12,0.5833333333333334,7,0.7368578884625792,8.84229466155095
LA PAZ,96,6,0.3333333333333333,2,0.7306125832054787,4.383675499232872
LA PAZ,97,5,0.8,4,0.7278957954867479,3.6394789774337393
LA PAZ,98,3,0.3333333333333333,1,0.7295795751803148,2.1887387255409445
LA PAZ,99,3,0.3333333333333333,1,0.7366355182897844,2.2099065548693533
MARICOPA,18,74,0.02702702702702703,2,0.7594872014097548,56.20205290432185
MARICOPA,19,32592,0.7659241531664213,24963,0.7111950404843559,23179.268759466126
MARICOPA,20,42987,0.7054923581547909,30327,0.6736634528675922,28958.770848419186
MARICOPA,21,47522,0.6539918353604647,31079,0.6454884762942408,30674.90337045491
MARICOPA,22,47205,0.6396991844084313,30197,0.6253884600765467,29521.462257913387
MARICOPA,23,47906,0.6339289441823571,30369,0.612197498827369,29327.93337882394
MARICOPA,24,47429,0.6224040144215565,29520,0.6048590311996878,28687.85899076999
MARICOPA,25,47385,0.6337659596918856,30031,0.6024196036424687,28545.65291859838
MARICOPA,26,47127,0.6385723682814523,30094,0.6040227991728917,28465.782456620866
MARICOPA,27,47945,0.6409844613619773,30732,0.6089033311649346,29193.870212702786
MARICOPA,28,47088,0.6491887529731566,30569,0.6163813021543221,29024.162755842717
MARICOPA,29,47354,0.65985977953288,31247,0.6258566276598324,29636.814746203705
MARICOPA,30,46772,0.6712563071923373,31396,0.6368036250209635,29784.579149480505
MARICOPA,31,46913,0.6781062818408543,31812,0.6487657672519619,30435.54843909129
MARICOPA,32,43982,0.6936246646355327,30507,0.6613506019122092,29087.522173302783
MARICOPA,33,41742,0.7089981313784677,29595,0.6742248349929703,28143.493062276564
MARICOPA,34,40023,0.7220598156060265,28899,0.6871095798205019,27500.18671315595
MARICOPA,35,40055,0.7322181999750343,29329,0.6997757709755199,28029.51850642445
MARICOPA,36,39998,0.7404370218510925,29616,0.7120397432290294,28480.16564967472
MARICOPA,37,38950,0.7524518613607188,29308,0.7237589754945118,28190.412095511238
MARICOPA,38,38809,0.7644103171944652,29666,0.7348279997964744,28517.939844101376
MARICOPA,39,40205,0.7728640716328815,31073,0.7451744752553596,29959.739777641735
MARICOPA,40,39558,0.7795136255624653,30836,0.7547554270888147,29856.615184779334
MARICOPA,41,40895,0.783910013449077,32058,0.7635536506293201,31225.526542486048
MARICOPA,42,38564,0.7881703142827508,30395,0.7715742803581811,29754.990547732898
MARICOPA,43,36939,0.7974227780936138,29456,0.7788415239558761,28769.627053406108
MARICOPA,44,37035,0.8055083029566626,29832,0.7853955613687679,29087.12461529232
MARICOPA,45,36539,0.8053312898546758,29426,0.7912896088921733,28912.93101931112
MARICOPA,46,36670,0.8150804472320698,29889,0.7965871482697945,29210.850727053363
MARICOPA,47,37736,0.8177602289590842,30859,0.8013593208095101,30240.095330067674
MARICOPA,48,37252,0.8177279072264576,30462,0.8056824865155252,30013.283987676346
MARICOPA,49,38223,0.8185385762499019,31287,0.8096359482368836,30946.7148494584
MARICOPA,50,42150,0.8264768683274021,34836,0.8132998408323386,34280.58829108308
MARICOPA,51,44212,0.833936487831358,36870,0.8167531853515858,36110.29183076431
MARICOPA,52,41960,0.8344137273593899,35012,0.8200721082328537,34410.22566145054
MARICOPA,53,40915,0.8339973114994501,34123,0.8233282255168568,33686.474347022195
MARICOPA,54,39799,0.8385637830096233,33374,0.8265871920771077,32897.34365747681
MARICOPA,55,39507,0.8399524134963424,33184,0.8299074158665893,32787.15227864135
MARICOPA,56,40808,0.8417222113311116,34349,0.8333389371807886,34006.89534847362
MARICOPA,57,42450,0.847020023557126,35956,0.8369224729370885,35527.35897617941
MARICOPA,58,43139,0.8528941329191683,36793,0.8406886259705219,36266.46663574234
MARICOPA,59,43318,0.8568724317835542,37118,0.8446572593458845,36588.86316034503
MARICOPA,60,43774,0.8629094896513912,37773,0.8488370356862092,37156.99240012812
MARICOPA,61,43182,0.866055300819786,37398,0.8532251215175992,36843.96719737297
MARICOPA,62,42178,0.8715444070368439,36760,0.8578070566304228,36180.58603455797
MARICOPA,63,41281,0.8722899154574744,36009,0.8625567884568671,35607.20678428793
MARICOPA,64,41340,0.8793178519593614,36351,0.8674368714648527,35859.84026635701
MARICOPA,65,39491,0.8828340634574966,34864,0.8723988315683086,34451.90225746408
MARICOPA,66,38818,0.8835076510897006,34296,0.8773836955538071,34058.28029400769
MARICOPA,67,38016,0.8858375420875421,33676,0.8823226855235587,33542.37921286361
MARICOPA,68,37269,0.8888352249859133,33126,0.8871380783547679,33062.749042203846
MARICOPA,69,36362,0.8932951982839228,32482,0.8917442301753479,32425.603697636
MARICOPA,70,35135,0.8973103742706703,31527,0.8960487658559977,31482.67338835048
MARICOPA,71,33757,0.8983321977663892,30325,0.8999539335186378,30379.744933788657
MARICOPA,72,33828,0.9022111859997635,30520,0.9033581240612047,30558.798620742433
MARICOPA,73,33735,0.9058840966355417,30560,0.9061575556988102,30569.225141499363
MARICOPA,74,34749,0.9058677947566837,31478,0.9082481235212554,31560.714044240103
MARICOPA,75,30256,0.9082165520888419,27479,0.9095274140669096,27518.661440008418
MARICOPA,76,24771,0.9002462557022325,22300,0.9098968849129462,22539.05573617859
MARICOPA,77,24304,0.9007570770243581,21892,0.9092642092819403,22098.75734238828
MARICOPA,78,24179,0.902684147400637,21826,0.9075457856648264,21943.549551589836
MARICOPA,79,22416,0.8985546038543897,20142,0.9046694124602157,20279.069549708194
MARICOPA,80,19098,0.8923447481411666,17042,0.9005771276300748,17199.22198347917
MARICOPA,81,17403,0.8899615008906511,15488,0.895228213371763,15579.65659730879
MARICOPA,82,15350,0.8868403908794789,13613,0.8886023658064313,13640.04631512872
MARICOPA,83,14487,0.8831366052322772,12794,0.8807030296837803,12758.744791028927
MARICOPA,84,12780,0.8743348982785603,11174,0.8715608981031802,11138.548277758642
MARICOPA,85,11371,0.8705478849705391,9899,0.8612375772511486,9793.13249092281
MARICOPA,86,10216,0.860610806577917,8792,0.8498294161551901,8681.857315441423
MARICOPA,87,9111,0.8517177038744375,7760,0.8374715014539962,7630.202849747359
MARICOPA,88,7836,0.8386932108218479,6572,0.8243418171840043,6459.542479453858
MARICOPA,89,7010,0.8323823109843081,5835,0.8106655695823183,5682.765642772051
MARICOPA,90,6113,0.8295435956159005,5071,0.7967196769059876,4870.347384926302
MARICOPA,91,5467,0.8181818181818182,4473,0.7828374242676489,4279.772198471236
MARICOPA,92,4658,0.7958351223701159,3707,0.769413283487525,3583.9270744848914
MARICOPA,93,3778,0.7829539438856538,2958,0.7569078979617875,2859.5980384996333
MARICOPA,94,3096,0.7609819121447028,2356,0.7458532325472755,2309.161607966365
MARICOPA,95,2592,0.7523148148148148,1950,0.7368578884625792,1909.9356468950052
MARICOPA,96,2003,0.7433849226160759,1489,0.7306125832054787,1463.417004160574
MARICOPA,97,1638,0.7368742368742369,1207,0.7278957954867479,1192.293313007293
MARICOPA,98,1196,0.6914715719063546,827,0.7295795751803148,872.5771719156565
MARICOPA,99,961,0.7190426638917794,691,0.7366355182897844,707.9067330764827
MOHAVE,19,861,0.6225319396051103,536,0.7111950404843559,612.3389298570304
MOHAVE,20,1248,0.5256410256410257,656,0.6736634528675922,840.731989178755
MOHAVE,21,1333,0.5191297824456114,692,0.6454884762942408,860.436138900223
MOHAVE,22,1389,0.4787616990640749,665,0.6253884600765467,868.6645710463233
MOHAVE,23,1494,0.4538152610441767,678,0.612197498827369,914.6230632480892
MOHAVE,24,1405,0.46334519572953736,651,0.6048590311996878,849.82693883556135
MOHAVE,25,1439,0.4593467685892981,661,0.6024196036424687,866.8818096415125
MOHAVE,26,1407,0.4520255863539446,636,0.6040227991728917,849.8600784362586
MOHAVE,27,1534,0.4830508474576271,741,0.6089033311649346,934.0577100070096
MOHAVE,28,1477,0.4719025050778605,697,0.6163813021543221,910.3951832819337
MOHAVE,29,1455,0.49965635738831615,727,0.6258566276598324,910.6213932450562
MOHAVE,30,1492,0.4932975871313673,736,0.6368036250209635,950.1110085312777
MOHAVE,31,1613,0.5294482331060136,854,0.6487657672519619,1046.4591825774146
MOHAVE,32,1608,0.5708955223880597,918,0.6613506019122092,1063.4517678748323
MOHAVE,33,1513,0.5756774619960344,871,0.6742248349929703,1020.102175344364
MOHAVE,34,1486,0.6318977119784657,939,0.6871095798205019,1021.0448356132658
MOHAVE,35,1434,0.6380753138075314,915,0.6997757709755199,1003.4784555788956
MOHAVE,36,1455,0.6261168384879725,911,0.7120397432290294,1036.0178263982377
MOHAVE,37,1399,0.6325947105075054,885,0.7237589754945118,1012.538806716822
MOHAVE,38,1373,0.6649672250546249,913,0.7348279997964744,1008.9188437205594
MOHAVE,39,1389,0.6558675305975522,911,0.7451744752553596,1035.0473461296945
MOHAVE,40,1381,0.6517016654598118,900,0.7547554270888147,1042.3172448096532
MOHAVE,41,1421,0.7058409570724842,1003,0.7635536506293201,1085.009737544264
MOHAVE,42,1342,0.6922503725782414,929,0.7715742803581811,1035.452684240679
MOHAVE,43,1354,0.691285081240768,936,0.7788415239558761,1054.5514234362563
MOHAVE,44,1292,0.6896284829721362,891,0.7853955613687679,1014.7310652884481
MOHAVE,45,1282,0.7051482059282371,904,0.7912896088921733,1014.4332785997661
MOHAVE,46,1365,0.7120879120879121,972,0.7965871482697945,1087.3414573882694
MOHAVE,47,1370,0.7094890510948905,972,0.8013593208095101,1097.862269509029
MOHAVE,48,1313,0.7303884234577304,959,0.8056824865155252,1057.8611047948846
MOHAVE,49,1485,0.7528619528619529,1118,0.8096359482368836,1202.3093831317722
MOHAVE,50,1592,0.7474874371859297,1190,0.8132998408323386,1294.7733466050831
MOHAVE,51,1870,0.73475935828877,1374,0.8167531853515858,1527.3284566074656
MOHAVE,52,1838,0.7328618063112078,1347,0.8200721082328537,1507.292534931985
MOHAVE,53,1738,0.7560414269275029,1314,0.8233282255168568,1430.9444559482972
MOHAVE,54,1811,0.7493097736057427,1357,0.8265871920771077,1496.9494048516422
MOHAVE,55,1903,0.7614293221229638,1449,0.8299074158665893,1579.3138123941196
MOHAVE,56,2195,0.7758542141230068,1703,0.8333389371807886,1829.1789671118308
MOHAVE,57,2370,0.7759493670886076,1839,0.8369224729370885,1983.5062608608998
MOHAVE,58,2488,0.7893890675241158,1964,0.8406886259705219,2091.6333014146585
MOHAVE,59,2656,0.7902861445783133,2099,0.8446572593458845,2243.4096808226695
MOHAVE,60,2802,0.8172733761598858,2290,0.8488370356862092,2378.441373992758
MOHAVE,61,2939,0.8179652943177952,2404,0.8532251215175992,2507.628632140224
MOHAVE,62,2961,0.8240459304289092,2440,0.8578070566304228,2539.966694682682
MOHAVE,63,2982,0.8343393695506371,2488,0.8625567884568671,2572.1443431783778
MOHAVE,64,3188,0.8553952321204517,2727,0.8674368714648527,2765.3887462299504
MOHAVE,65,3210,0.861993769470405,2767,0.8723988315683086,2800.4002493342705
MOHAVE,66,3294,0.8545840922890103,2815,0.8773836955538071,2890.1018931542408
MOHAVE,67,3317,0.8634308109737715,2864,0.8823226855235587,2926.6643478816445
MOHAVE,68,3393,0.8564692012967875,2906,0.8871380783547679,3010.0594998577276
MOHAVE,69,3043,0.8754518567203418,2664,0.8917442301753479,2713.5776924235834
MOHAVE,70,3192,0.8715538847117794,2782,0.8960487658559977,2860.1876606123446
MOHAVE,71,2993,0.8717006348145673,2609,0.8999539335186378,2693.5621230212832
MOHAVE,72,3047,0.8808664259927798,2684,0.9033581240612047,2752.532204014491
MOHAVE,73,3065,0.8629690048939641,2645,0.9061575556988102,2777.3729082168534
MOHAVE,74,3338,0.8921509886159377,2978,0.9082481235212554,3031.7322363139506
MOHAVE,75,2858,0.8754373687893632,2502,0.9095274140669096,2599.4293494032277
MOHAVE,76,2267,0.8870754300838112,2011,0.9098968849129462,2062.7362380976488
MOHAVE,77,2324,0.8687607573149742,2019,0.9092642092819403,2113.130022371229
MOHAVE,78,2284,0.87784588441331,2005,0.9075457856648264,2072.8345744584635
MOHAVE,79,2045,0.8669926650366748,1773,0.9046694124602157,1850.0489484811412
MOHAVE,80,1791,0.8565047459519821,1534,0.9005771276300748,1612.933635585464
MOHAVE,81,1587,0.8620037807183365,1368,0.895228213371763,1420.7271746209879
MOHAVE,82,1419,0.8555320648343904,1214,0.8886023658064313,1260.9267570793259
MOHAVE,83,1394,0.8421807747489239,1174,0.8807030296837803,1227.7000233791898
MOHAVE,84,1107,0.8292682926829268,918,0.8715608981031802,964.8179142002205
MOHAVE,85,950,0.8410526315789474,799,0.8612375772511486,818.1756983885912
MOHAVE,86,855,0.816374269005848,698,0.8498294161551901,726.6041508126875
MOHAVE,87,718,0.7966573816155988,572,0.8374715014539962,601.3045380439693
MOHAVE,88,589,0.7860780984719864,463,0.8243418171840043,485.53733032137853
MOHAVE,89,478,0.7949790794979079,380,0.8106655695823183,387.4981422603481
MOHAVE,90,379,0.7704485488126649,292,0.7967196769059876,301.9567575473693
MOHAVE,91,342,0.7690058479532164,263,0.7828374242676489,267.73039909953593
MOHAVE,92,256,0.765625,196,0.769413283487525,196.9698005728064
MOHAVE,93,199,0.7185929648241206,143,0.7569078979617875,150.62467169439572
MOHAVE,94,165,0.7151515151515152,118,0.7458532325472755,123.06578337030047
MOHAVE,95,135,0.6370370370370371,86,0.7368578884625792,99.47581494244818
MOHAVE,96,95,0.6210526315789474,59,0.7306125832054787,69.40819540452048
MOHAVE,97,70,0.6142857142857143,43,0.7278957954867479,50.95270568407235
MOHAVE,98,54,0.5740740740740741,31,0.7295795751803148,39.397297059737
MOHAVE,99,25,0.76,19,0.7366355182897844,18.41588795724461
NAVAJO,19,653,0.7120980091883614,465,0.7111950404843559,464.4103614362844
NAVAJO,20,842,0.5795724465558195,488,0.6736634528675922,567.2246273145126
NAVAJO,21,971,0.544799176107106,529,0.6454884762942408,626.7693104817077
NAVAJO,22,978,0.5061349693251533,495,0.6253884600765467,611.6299139548627
NAVAJO,23,1025,0.49853658536585366,511,0.612197498827369,627.5024362980532
NAVAJO,24,961,0.5109261186264308,491,0.6048590311996878,581.2695289828999
NAVAJO,25,989,0.4863498483316481,481,0.6024196036424687,595.7929880024016
NAVAJO,26,912,0.506578947368421,462,0.6040227991728917,550.8687928456773
NAVAJO,27,1030,0.5194174757281553,535,0.6089033311649346,627.1704310998826
NAVAJO,28,1061,0.5230914231856739,555,0.6163813021543221,653.9805615857357
NAVAJO,29,1035,0.5043478260869565,522,0.6258566276598324,647.7616096279265
NAVAJO,30,1085,0.5345622119815668,580,0.6368036250209635,690.9319331477454
NAVAJO,31,1176,0.5374149659863946,632,0.6487657672519619,762.9485422883072
NAVAJO,32,1167,0.5441302485004285,635,0.6613506019122092,771.7961524315481
NAVAJO,33,1128,0.5664893617021277,639,0.6742248349929703,760.5256138720705
NAVAJO,34,1134,0.5696649029982364,646,0.6871095798205019,779.1822635164492
NAVAJO,35,1108,0.5812274368231047,644,0.6997757709755199,775.3515542408761
NAVAJO,36,1095,0.6009132420091324,658,0.7120397432290294,779.6835188357873
NAVAJO,37,1053,0.5906932573599241,622,0.7237589754945118,762.118201195721
NAVAJO,38,1046,0.6003824091778203,628,0.7348279997964744,768.6300877871122
NAVAJO,39,1109,0.6339044183949504,703,0.7451744752553596,826.3984930581938
NAVAJO,40,1051,0.6374881065651761,670,0.7547554270888147,793.2479538703443
NAVAJO,41,1031,0.6372453928225025,657,0.7635536506293201,787.223813798829
NAVAJO,42,1023,0.6744868035190615,690,0.7715742803581811,789.3204888064192
NAVAJO,43,1043,0.6740172579098753,703,0.7788415239558761,812.3317094859788
NAVAJO,44,963,0.6832814122533749,658,0.7853955613687679,756.3359255981235
NAVAJO,45,989,0.6825075834175935,675,0.7912896088921733,782.5854231943594
NAVAJO,46,1017,0.6804326450344149,692,0.7965871482697945,810.129129790381
NAVAJO,47,995,0.6763819095477387,673,0.8013593208095101,797.3525242054626
NAVAJO,48,984,0.6849593495934959,674,0.8056824865155252,792.7915667312768
NAVAJO,49,1010,0.697029702970297,704,0.8096359482368836,817.7323077192524
NAVAJO,50,993,0.7351460221550856,730,0.8132998408323386,807.6067419465122
NAVAJO,51,1015,0.7497536945812808,761,0.8167531853515858,829.0044831318596
NAVAJO,52,987,0.7304964539007093,721,0.8200721082328537,809.4111708258266
NAVAJO,53,1004,0.7559760956175299,759,0.8233282255168568,826.6215384189243
NAVAJO,54,1013,0.7482724580454096,758,0.8265871920771077,837.3328255741102
NAVAJO,55,1044,0.7825670498084292,817,0.8299074158665893,866.4233421647193
NAVAJO,56,1164,0.770618556701031,897,0.8333389371807886,970.0065228784379
NAVAJO,57,1187,0.8011794439764112,951,0.8369224729370885,993.4269753763241
NAVAJO,58,1286,0.7900466562986003,1016,0.8406886259705219,1081.125572998091
NAVAJO,59,1311,0.7925247902364607,1039,0.8446572593458845,1107.3456670024545
NAVAJO,60,1303,0.8250191864927091,1075,0.8488370356862092,1106.0346574991306
NAVAJO,61,1395,0.8157706093189964,1138,0.8532251215175992,1190.2490445170508
NAVAJO,62,1365,0.8483516483516483,1158,0.8578070566304228,1170.906632300527
NAVAJO,63,1368,0.8574561403508771,1173,0.8625567884568671,1179.9776866089942
NAVAJO,64,1334,0.848575712143928,1132,0.8674368714648527,1157.1607865341134
NAVAJO,65,1356,0.8709439528023599,1181,0.8723988315683086,1182.9728156066265
NAVAJO,66,1311,0.8764302059496567,1149,0.8773836955538071,1150.2500248710412
NAVAJO,67,1391,0.875629043853343,1218,0.8823226855235587,1227.3108555632703
NAVAJO,68,1374,0.8791848617176128,1208,0.8871380783547679,1218.927719659451
NAVAJO,69,1211,0.87943848059455,1065,0.8917442301753479,1079.9022627423462
NAVAJO,70,1247,0.9037690457097033,1127,0.8960487658559977,1117.372811022429
NAVAJO,71,1166,0.8730703259005146,1018,0.8999539335186378,1049.3462864827318
NAVAJO,72,1208,0.890728476821192,1076,0.9033581240612047,1091.2566138659354
NAVAJO,73,1125,0.8995555555555556,1012,0.9061575556988102,1019.4272501611614
NAVAJO,74,1109,0.8990081154192967,997,0.9082481235212554,1007.2471689850722
NAVAJO,75,952,0.8939075630252101,851,0.9095274140669096,865.8700981916979
NAVAJO,76,763,0.8715596330275229,665,0.9098968849129462,694.2513231885779
NAVAJO,77,776,0.8646907216494846,671,0.9092642092819403,705.5890264027856
NAVAJO,78,730,0.9095890410958904,664,0.9075457856648264,662.5084235353232
NAVAJO,79,727,0.8720770288858322,634,0.9046694124602157,657.6946628585769
NAVAJO,80,580,0.8620689655172413,500,0.9005771276300748,522.3347340254434
NAVAJO,81,550,0.8563636363636363,471,0.895228213371763,492.3755173544696
NAVAJO,82,481,0.8503118503118503,409,0.8886023658064313,427.41773795289345
NAVAJO,83,457,0.8227571115973742,376,0.8807030296837803,402.4812845654876
NAVAJO,84,433,0.815242494226328,353,0.8715608981031802,377.385868878677
NAVAJO,85,346,0.8352601156069365,289,0.8612375772511486,297.9882017288974
NAVAJO,86,311,0.819935691318328,255,0.8498294161551901,264.29694842426414
NAVAJO,87,239,0.7866108786610879,188,0.8374715014539962,200.15568884750508
NAVAJO,88,183,0.7431693989071039,136,0.8243418171840043,150.8545525446728
NAVAJO,89,189,0.7619047619047619,144,0.8106655695823183,153.21579265105817
NAVAJO,90,152,0.6842105263157895,104,0.7967196769059876,121.1013908897101
NAVAJO,91,138,0.717391304347826,99,0.7828374242676489,108.03156454893555
NAVAJO,92,114,0.6403508771929824,73,0.769413283487525,87.71311431757785
NAVAJO,93,79,0.569620253164557,45,0.7569078979617875,59.79572393898121
NAVAJO,94,71,0.6619718309859155,47,0.7458532325472755,52.955579510856566
NAVAJO,95,42,0.5,21,0.7368578884625792,30.948031315428324
NAVAJO,96,39,0.5384615384615384,21,0.7306125832054787,28.49389074501367
NAVAJO,97,36,0.4722222222222222,17,0.7278957954867479,26.204248637522923
NAVAJO,98,23,0.6086956521739131,14,0.7295795751803148,16.78033022914724
NAVAJO,99,33,0.3333333333333333,11,0.7366355182897844,24.308972103562883
PIMA,19,7243,0.7201435869115007,5216,0.7111950404843559,5151.185678228189
PIMA,20,9619,0.6784489032123922,6526,0.6736634528675922,6479.968753133369
PIMA,21,10868,0.6361796098638204,6914,0.6454884762942408,7015.168760365808
PIMA,22,11009,0.6212190026342084,6839,0.6253884600765467,6884.9015569827025
PIMA,23,10730,0.5904007455731594,6335,0.612197498827369,6568.879162417669
PIMA,24,10599,0.58496084536277,6200,0.6048590311996878,6410.9008716854905
PIMA,25,10520,0.5839353612167301,6143,0.6024196036424687,6337.454230318771
PIMA,26,10488,0.5880053394355453,6167,0.6040227991728917,6334.991117725288
PIMA,27,11266,0.5821942126753062,6559,0.6089033311649346,6859.904928904153
PIMA,28,11104,0.5969020172910663,6628,0.6163813021543221,6844.297979121592
PIMA,29,11461,0.6121629875229038,7016,0.6258566276598324,7172.942809609339
PIMA,30,11055,0.6184531886024424,6837,0.6368036250209635,7039.864074606752
PIMA,31,10969,0.6343331206126356,6958,0.6487657672519619,7116.31170098677
PIMA,32,10229,0.6545116824714048,6695,0.6613506019122092,6764.955306959988
PIMA,33,10010,0.6686313686313686,6693,0.6742248349929703,6748.990598279633
PIMA,34,9339,0.6786593853731663,6338,0.6871095798205019,6416.916365943667
PIMA,35,9407,0.7021367067077708,6605,0.6997757709755199,6582.790677566716
PIMA,36,9318,0.7069113543678901,6587,0.7120397432290294,6634.786327408096
PIMA,37,9120,0.7233552631578948,6597,0.7237589754945118,6600.681856509948
PIMA,38,8802,0.729606907521018,6422,0.7348279997964744,6467.956054208567
PIMA,39,8961,0.7318379645128892,6558,0.7451744752553596,6677.5084727632775
PIMA,40,9069,0.7395523210938362,6707,0.7547554270888147,6844.876968268461
PIMA,41,9160,0.7457423580786027,6831,0.7635536506293201,6994.151439764572
PIMA,42,8553,0.7551736232900736,6459,0.7715742803581811,6599.274819903523
PIMA,43,8224,0.7611867704280155,6260,0.7788415239558761,6405.192693013126
PIMA,44,8165,0.7686466625842009,6276,0.7853955613687679,6412.754758575989
PIMA,45,8131,0.7743205017832985,6296,0.7912896088921733,6433.975809902261
PIMA,46,8031,0.788693811480513,6334,0.7965871482697945,6397.391387754719
PIMA,47,8067,0.7830668154208503,6317,0.8013593208095101,6464.565640970318
PIMA,48,8060,0.7919354838709678,6383,0.8056824865155252,6493.800841315133
PIMA,49,8462,0.796147482864571,6737,0.8096359482368836,6851.139393980508
PIMA,50,9046,0.8069865133760779,7300,0.8132998408323386,7357.110360169336
PIMA,51,9620,0.8186070686070686,7875,0.8167531853515858,7857.165643082256
PIMA,52,9011,0.8107868161136389,7306,0.8200721082328537,7389.669767286245
PIMA,53,8818,0.8095940122476752,7139,0.8233282255168568,7260.108292607643
PIMA,54,8710,0.8128587830080367,7080,0.8265871920771077,7199.5744429916085
PIMA,55,9032,0.8195305580159433,7402,0.8299074158665893,7495.723780107035
PIMA,56,9375,0.82976,7779,0.8333389371807886,7812.552536069893
PIMA,57,10142,0.8369157957010451,8488,0.8369224729370885,8488.067720527952
PIMA,58,10570,0.8357615894039735,8834,0.8406886259705219,8886.078776508415
PIMA,59,10902,0.842505962208769,9185,0.8446572593458845,9208.453441388834
PIMA,60,11103,0.8538232910024318,9480,0.8488370356862092,9424.63760722398
PIMA,61,11130,0.8622641509433963,9597,0.8532251215175992,9496.395602490878
PIMA,62,11450,0.8697816593886463,9959,0.8578070566304228,9821.89079841834
PIMA,63,11534,0.872117218657881,10059,0.8625567884568671,9948.729998061506
PIMA,64,12032,0.8764960106382979,10546,0.8674368714648527,10437.000437465107
PIMA,65,11937,0.8822987350255508,10532,0.8723988315683086,10413.824852430898
PIMA,66,11486,0.8883858610482326,10204,0.8773836955538071,10077.62912713103
PIMA,67,11766,0.8929967703552609,10507,0.8823226855235587,10381.408717870192
PIMA,68,11939,0.8977301281514365,10718,0.8871380783547679,10591.541517477574
PIMA,69,11830,0.9026204564666103,10678,0.8917442301753479,10549.334242974366
PIMA,70,11289,0.9088493223491895,10260,0.8960487658559977,10115.494517748359
PIMA,71,11028,0.9081429089590134,10015,0.8999539335186378,9924.691978843539
PIMA,72,10719,0.9109058680847094,9764,0.9033581240612047,9683.095731812055
PIMA,73,10706,0.9130394171492621,9775,0.9061575556988102,9701.322791311462
PIMA,74,11065,0.913420695887935,10107,0.9082481235212554,10049.765486762692
PIMA,75,9950,0.9162814070351759,9117,0.9095274140669096,9049.797769965751
PIMA,76,7964,0.9104721245605224,7251,0.9098968849129462,7246.418791446703
PIMA,77,7687,0.9051645635488487,6958,0.9092642092819403,6989.513976750275
PIMA,78,7717,0.9124011921731243,7041,0.9075457856648264,7003.530827975465
PIMA,79,7361,0.9073495448987909,6679,0.9046694124602157,6659.271545119648
PIMA,80,6206,0.9087979374798582,5640,0.9005771276300748,5588.981654072244
PIMA,81,5469,0.9003474126897056,4924,0.895228213371763,4896.003098930171
PIMA,82,4977,0.8943138436809323,4451,0.8886023658064313,4422.573974618608
PIMA,83,4612,0.8818300086730269,4067,0.8807030296837803,4061.802372901595
PIMA,84,4126,0.8880271449345614,3664,0.8715608981031802,3596.060265573721
PIMA,85,3736,0.88624197002141325,3311,0.8612375772511486,3217.583588610291
PIMA,86,3386,0.8626698168930892,2921,0.8498294161551901,2877.5224031014736
PIMA,87,2941,0.8670520231213873,2550,0.8374715014539962,2463.003685776203
PIMA,88,2475,0.852929292929293,2111,0.8243418171840043,2040.2459975304107
PIMA,89,2348,0.8287904599659285,1946,0.8106655695823183,1903.4427573792834
PIMA,90,2134,0.8355201499531396,1783,0.7967196769059876,1700.1997905173773
PIMA,91,1861,0.8130037614185922,1513,0.7828374242676489,1456.8604465620947
PIMA,92,1473,0.791581805838425,1166,0.769413283487525,1133.3457665771243
PIMA,93,1286,0.7807153965785381,1004,0.7569078979617875,973.3835567788587
PIMA,94,1070,0.7514018691588785,804,0.7458532325472755,798.0629588255848
PIMA,95,894,0.7606263982102909,680,0.7368578884625792,658.7509522855457
PIMA,96,701,0.7403708987161198,519,0.7306125832054787,512.1594208270405
PIMA,97,575,0.6956521739130435,400,0.7278957954867479,418.54008240488
PIMA,98,407,0.687960687960688,280,0.7295795751803148,296.93888709838814
PIMA,99,339,0.6755162241887905,229,0.7366355182897844,249.7194407002369
PINAL,19,2505,0.6870259481037924,1721,0.7111950404843559,1781.5435764133115
PINAL,20,3260,0.6217791411042944,2027,0.6736634528675922,2196.1428563483505
PINAL,21,3666,0.5534642662302237,2029,0.6454884762942408,2366.360754094687
PINAL,22,3628,0.5162624035281147,1873,0.6253884600765467,2268.9093331577114
PINAL,23,3629,0.5103334251860017,1852,0.612197498827369,2221.664723244522
PINAL,24,3597,0.5221017514595496,1878,0.6048590311996878,2175.677935225277
PINAL,25,3615,0.5181189488243431,1873,0.6024196036424687,2177.746867167524
PINAL,26,3627,0.5235732009925558,1899,0.6040227991728917,2190.7906926000783
PINAL,27,3651,0.5168447000821693,1887,0.6089033311649346,2223.106062083176
PINAL,28,3750,0.5338666666666667,2002,0.6163813021543221,2311.429883078708
PINAL,29,3744,0.5761217948717948,2157,0.6258566276598324,2343.2072139584125
PINAL,30,3805,0.5784494086727989,2201,0.6368036250209635,2423.0377932047663
PINAL,31,3962,0.6012115093387178,2382,0.6487657672519619,2570.409969852273
PINAL,32,3966,0.6119515885022693,2427,0.6613506019122092,2622.9164871838216
PINAL,33,3842,0.6410723581467985,2463,0.6742248349929703,2590.3718160429917
PINAL,34,3740,0.6441176470588236,2409,0.6871095798205019,2569.789828528677
PINAL,35,3753,0.6658673061550759,2499,0.6997757709755199,2626.2584684711264
PINAL,36,3728,0.6727467811158798,2508,0.7120397432290294,2654.4841627578217
PINAL,37,3726,0.6959205582393988,2593,0.7237589754945118,2696.725942692551
PINAL,38,3741,0.7086340550654905,2651,0.7348279997964744,2748.9915472386106
PINAL,39,3816,0.6978511530398323,2663,0.7451744752553596,2843.5857975744525
PINAL,40,3738,0.709470304975923,2652,0.7547554270888147,2821.2757864579894
PINAL,41,3952,0.7110323886639676,2810,0.7635536506293201,3017.5640272870733
PINAL,42,3635,0.7232462173314993,2629,0.7715742803581811,2804.6725091019885
PINAL,43,3548,0.7229425028184893,2565,0.7788415239558761,2763.3297269954487
PINAL,44,3617,0.721316007741222,2609,0.7853955613687679,2840.7757454708335
PINAL,45,3404,0.7541128084606346,2567,0.7912896088921733,2693.5498286689576
PINAL,46,3489,0.7374605904270565,2573,0.7965871482697945,2779.292560313313
PINAL,47,3563,0.7482458602301432,2666,0.8013593208095101,2855.2432600442844
PINAL,48,3416,0.7637587822014051,2609,0.8056824865155252,2752.2113739370343
PINAL,49,3439,0.7673742366967141,2639,0.8096359482368836,2784.3380259866426
PINAL,50,3639,0.7584501236603463,2760,0.8132998408323386,2959.5981207888804
PINAL,51,3686,0.7710255018990776,2842,0.8167531853515858,3010.5522412059454
PINAL,52,3579,0.7611064543168483,2724,0.8200721082328537,2935.0380753653835
PINAL,53,3326,0.7711966325917018,2565,0.8233282255168568,2738.3896780690657
PINAL,54,3376,0.7719194312796208,2606,0.8265871920771077,2790.558360452316
PINAL,55,3356,0.7866507747318237,2640,0.8299074158665893,2785.169287648274
PINAL,56,3525,0.7875177304964539,2776,0.8333389371807886,2937.5197535622797
PINAL,57,3750,0.8085333333333333,3032,0.8369224729370885,3138.4592735140823
PINAL,58,3799,0.8049486707028165,3058,0.8406886259705219,3193.7760900620124
PINAL,59,3937,0.8158496316992634,3212,0.8446572593458845,3325.4156300447476
PINAL,60,3963,0.8092354277062831,3207,0.8488370356862092,3363.941172424447
PINAL,61,4187,0.8270838309051827,3463,0.8532251215175992,3572.453583794188
PINAL,62,4064,0.8371062992125984,3402,0.8578070566304228,3486.1278781460383
PINAL,63,4029,0.842144452717796,3393,0.8625567884568671,3475.2413006927177
PINAL,64,4249,0.8552600611908684,3634,0.8674368714648527,3685.7392668541593
PINAL,65,4307,0.8620849779428836,3713,0.8723988315683086,3757.421767564705
PINAL,66,4201,0.8693168293263509,3652,0.8773836955538071,3685.888905021544
PINAL,67,4453,0.861441724679991,3836,0.8823226855235587,3928.9829186364072
PINAL,68,4423,0.8690933755369659,3844,0.8871380783547679,3923.8117205631384
PINAL,69,4408,0.8709165154264973,3839,0.8917442301753479,3930.8085666129336
PINAL,70,4343,0.8821091411466728,3831,0.8960487658559977,3891.539790112598
PINAL,71,4202,0.8943360304616849,3758,0.8999539335186378,3781.606428645316
PINAL,72,4384,0.8870894160583942,3889,0.9033581240612047,3960.3220158843214
PINAL,73,4319,0.891178513544802,3849,0.9061575556988102,3913.694483063161
PINAL,74,4584,0.893542757417103,4096,0.9082481235212554,4163.4093982214345
PINAL,75,4042,0.892627412172192,3608,0.9095274140669096,3676.309807658449
PINAL,76,3086,0.8943616331821128,2760,0.9098968849129462,2807.941786841352
PINAL,77,3160,0.8870253164556962,2803,0.9092642092819403,2873.2749013309312
PINAL,78,3077,0.8956776080597985,2756,0.9075457856648264,2792.518382490671
PINAL,79,2712,0.8989675516224189,2438,0.9046694124602157,2453.463446592105
PINAL,80,2325,0.8778494623655914,2041,0.9005771276300748,2093.841821739924
PINAL,81,2037,0.8856161021109474,1804,0.895228213371763,1823.5798706382811
PINAL,82,1898,0.8635405690200211,1639,0.8886023658064313,1686.5672903006066
PINAL,83,1565,0.8498402555910544,1330,0.8807030296837803,1378.3002414551163
PINAL,84,1395,0.8465949820788531,1181,0.8715608981031802,1215.8274528539364
PINAL,85,1148,0.8414634146341463,966,0.8612375772511486,988.7007386843186
PINAL,86,978,0.8384458077709611,820,0.8498294161551901,831.133168999776
PINAL,87,811,0.8101109741060419,657,0.8374715014539962,679.1893876791909
PINAL,88,674,0.8234421364985163,555,0.8243418171840043,555.606384782019
PINAL,89,558,0.7974910394265233,445,0.8106655695823183,452.3513878269336
PINAL,90,452,0.7942477876106194,359,0.7967196769059876,360.1172939615064
PINAL,91,417,0.7338129496402878,306,0.7828374242676489,326.44320591960957
PINAL,92,325,0.7692307692307693,250,0.769413283487525,250.05931713344563
PINAL,93,236,0.7203389830508474,170,0.7569078979617875,178.63026391898185
PINAL,94,201,0.6417910447761194,129,0.7458532325472755,149.91649974200237
PINAL,95,145,0.6620689655172414,96,0.7368578884625792,106.84439382707397
PINAL,96,108,0.6018518518518519,65,0.7306125832054787,78.9061589861917
PINAL,97,90,0.6,54,0.7278957954867479,65.51062159380731
PINAL,98,46,0.7608695652173914,35,0.7295795751803148,33.56066045829448
PINAL,99,40,0.475,19,0.7366355182897844,29.465420731591372
SANTA CRUZ,19,348,0.6982758620689655,243,0.7111950404843559,247.49587408855584
SANTA CRUZ,20,534,0.602996254681648,322,0.6736634528675922,359.73628383129426
SANTA CRUZ,21,570,0.47543859649122805,271,0.6454884762942408,367.92843148771726
SANTA CRUZ,22,532,0.5300751879699248,282,0.6253884600765467,332.70666076072285
SANTA CRUZ,23,547,0.4680073126142596,256,0.612197498827369,334.87203185857084
SANTA CRUZ,24,513,0.4444444444444444,228,0.6048590311996878,310.2926830054398
SANTA CRUZ,25,545,0.44403669724770645,242,0.6024196036424687,328.31868398514547
SANTA CRUZ,26,531,0.4331450094161959,230,0.6040227991728917,320.7361063608055
SANTA CRUZ,27,557,0.4129263913824057,230,0.6089033311649346,339.15915545886855
SANTA CRUZ,28,537,0.441340782122905,237,0.6163813021543221,330.996759256871
SANTA CRUZ,29,546,0.4230769230769231,231,0.6258566276598324,341.7177187022685
SANTA CRUZ,30,545,0.43853211009174314,239,0.6368036250209635,347.0579756364251
SANTA CRUZ,31,531,0.4463276836158192,237,0.6487657672519619,344.49462241079175
SANTA CRUZ,32,498,0.4959839357429719,247,0.6613506019122092,329.3525997522802
SANTA CRUZ,33,495,0.5333333333333333,264,0.6742248349929703,333.7412933215203
SANTA CRUZ,34,445,0.550561797752809,245,0.6871095798205019,305.76376302012335
SANTA CRUZ,35,409,0.5207823960880196,213,0.6997757709755199,286.20829032898763
SANTA CRUZ,36,397,0.5516372795969773,219,0.7120397432290294,282.67977806192465
SANTA CRUZ,37,405,0.6049382716049383,245,0.7237589754945118,293.1223850752773
SANTA CRUZ,38,345,0.5942028985507246,205,0.7348279997964744,253.51565992978368
SANTA CRUZ,39,338,0.6005917159763313,203,0.7451744752553596,251.86897263631155
SANTA CRUZ,40,379,0.6121372031662269,232,0.7547554270888147,286.0523068666608
SANTA CRUZ,41,406,0.6059113300492611,246,0.7635536506293201,310.00278215550395
SANTA CRUZ,42,381,0.6640419947506562,253,0.7715742803581811,293.969800816467
SANTA CRUZ,43,363,0.6446280991735537,234,0.7788415239558761,282.719473195983
SANTA CRUZ,44,386,0.6968911917098446,269,0.7853955613687679,303.1626866883444
SANTA CRUZ,45,336,0.6636904761904762,223,0.7912896088921733,265.8733085877702
SANTA CRUZ,46,346,0.6734104046242775,233,0.7965871482697945,275.6191533013489
SANTA CRUZ,47,382,0.6649214659685864,254,0.8013593208095101,306.1192605492329
SANTA CRUZ,48,363,0.721763085399449,262,0.8056824865155252,292.46274260513565
SANTA CRUZ,49,332,0.7018072289156626,233,0.8096359482368836,268.79913481464536
SANTA CRUZ,50,428,0.7009345794392523,300,0.8132998408323386,348.09233187624096
SANTA CRUZ,51,402,0.7562189054726368,304,0.8167531853515858,328.3347805113375
SANTA CRUZ,52,403,0.7121588089330024,287,0.8200721082328537,330.48905961784004
SANTA CRUZ,53,372,0.7795698924731183,290,0.8233282255168568,306.27809989227075
SANTA CRUZ,54,448,0.7366071428571429,330,0.8265871920771077,370.31106205054425
SANTA CRUZ,55,387,0.7545219638242894,292,0.8299074158665893,321.17416994037006
SANTA CRUZ,56,404,0.7524752475247525,304,0.8333389371807886,336.66893062103856
SANTA CRUZ,57,437,0.7459954233409611,326,0.8369224729370885,365.7351206735077
SANTA CRUZ,58,430,0.7465116279069768,321,0.8406886259705219,361.4961091673244
SANTA CRUZ,59,463,0.7796976241900648,361,0.8446572593458845,391.07631107714457
SANTA CRUZ,60,486,0.7695473251028807,374,0.8488370356862092,412.53479934349764
SANTA CRUZ,61,521,0.7946257197696737,414,0.8532251215175992,444.53028831066916
SANTA CRUZ,62,459,0.8082788671023965,371,0.8578070566304228,393.7334389933641
SANTA CRUZ,63,459,0.8061002178649237,370,0.8625567884568671,395.913565901702
SANTA CRUZ,64,495,0.8080808080808081,400,0.8674368714648527,429.38125137510207
SANTA CRUZ,65,479,0.8475991649269311,406,0.8723988315683086,417.8790403212198
SANTA CRUZ,66,527,0.8500948766603416,448,0.8773836955538071,462.38120755685634
SANTA CRUZ,67,511,0.8199608610567515,419,0.8823226855235587,450.86689230253853
SANTA CRUZ,68,483,0.8385093167701864,405,0.8871380783547679,428.4876918453529
SANTA CRUZ,69,482,0.8443983402489627,407,0.8917442301753479,429.8207189445177
SANTA CRUZ,70,457,0.8315098468271335,380,0.8960487658559977,409.49428599619097
SANTA CRUZ,71,450,0.8333333333333334,375,0.8999539335186378,404.979270083387
SANTA CRUZ,72,437,0.8558352402745996,374,0.9033581240612047,394.76750021474646
SANTA CRUZ,73,451,0.8270509977827051,373,0.9061575556988102,408.6770576201634
SANTA CRUZ,74,442,0.8529411764705882,377,0.9082481235212554,401.4456705963949
SANTA CRUZ,75,367,0.8419618528610354,309,0.9095274140669096,333.7965609625558
SANTA CRUZ,76,369,0.8401084010840109,310,0.9098968849129462,335.7519505328771
SANTA CRUZ,77,327,0.8562691131498471,280,0.9092642092819403,297.3293964351945
SANTA CRUZ,78,327,0.8409785932721713,275,0.9075457856648264,296.7674719123982
SANTA CRUZ,79,279,0.8602150537634409,240,0.9046694124602157,252.40276607640018
SANTA CRUZ,80,248,0.8387096774193549,208,0.9005771276300748,223.34312765225854
SANTA CRUZ,81,216,0.8194444444444444,177,0.895228213371763,193.3692940883008
SANTA CRUZ,82,225,0.7822222222222223,176,0.8886023658064313,199.93553230644704
SANTA CRUZ,83,200,0.795,159,0.8807030296837803,176.14060593675606
SANTA CRUZ,84,139,0.7913669064748201,110,0.8715608981031802,121.14696483634204
SANTA CRUZ,85,166,0.7891566265060241,131,0.8612375772511486,142.96543782369068
SANTA CRUZ,86,127,0.7244094488188977,92,0.8498294161551901,107.92833585170915
SANTA CRUZ,87,102,0.6862745098039216,70,0.8374715014539962,85.42209314830761
SANTA CRUZ,88,80,0.775,62,0.8243418171840043,65.94734537472034
SANTA CRUZ,89,86,0.7906976744186046,68,0.8106655695823183,69.71723898407937
SANTA CRUZ,90,66,0.7121212121212122,47,0.7967196769059876,52.58349867579518
SANTA CRUZ,91,64,0.703125,45,0.7828374242676489,50.10159515312953
SANTA CRUZ,92,54,0.7222222222222222,39,0.769413283487525,41.548317308326354
SANTA CRUZ,93,40,0.7,28,0.7569078979617875,30.2763159184715
SANTA CRUZ,94,28,0.6428571428571429,18,0.7458532325472755,20.883890511323713
SANTA CRUZ,95,21,0.5238095238095238,11,0.7368578884625792,15.474015657714162
SANTA CRUZ,96,17,0.5294117647058824,9,0.7306125832054787,12.420413914493139
SANTA CRUZ,97,6,0.3333333333333333,2,0.7278957954867479,4.3673747729204875
SANTA CRUZ,98,9,0.3333333333333333,3,0.7295795751803148,6.5662161766228335
SANTA CRUZ,99,9,0.6666666666666666,6,0.7366355182897844,6.629719664608059
YAVAPAI,19,1177,0.740016992353441,871,0.7111950404843559,837.0765626500869
YAVAPAI,20,1466,0.6841746248294679,1003,0.6736634528675922,987.5906219038902
YAVAPAI,21,1598,0.6364205256570713,1017,0.6454884762942408,1031.4905851181968
YAVAPAI,22,1628,0.5939803439803439,967,0.6253884600765467,1018.132413004618
YAVAPAI,23,1704,0.5938967136150235,1012,0.612197498827369,1043.1845380018367
YAVAPAI,24,1621,0.581739666872301,943,0.6048590311996878,980.4764895746938
YAVAPAI,25,1627,0.5961893054701906,970,0.6024196036424687,980.1366951262966
YAVAPAI,26,1529,0.5912361020274689,904,0.6040227991728917,923.5508599353514
YAVAPAI,27,1664,0.6237980769230769,1038,0.6089033311649346,1013.2151430584511
YAVAPAI,28,1602,0.61360799001248445,983,0.6163813021543221,987.4428460512239
YAVAPAI,29,1664,0.6183894230769231,1029,0.6258566276598324,1041.4254284259612
YAVAPAI,30,1690,0.6301775147928994,1065,0.6368036250209635,1076.1981262854283
YAVAPAI,31,1697,0.6700058927519151,1137,0.6487657672519619,1100.9555070265794
YAVAPAI,32,1681,0.6763831052944675,1137,0.6613506019122092,1111.7303618144235
YAVAPAI,33,1662,0.6883273164861613,1144,0.6742248349929703,1120.5616757583166
YAVAPAI,34,1549,0.7159457714654616,1109,0.6871095798205019,1064.3327391419575
YAVAPAI,35,1553,0.7321313586606568,1137,0.6997757709755199,1086.7517723249823
YAVAPAI,36,1556,0.7442159383033419,1158,0.7120397432290294,1107.9338404643697
YAVAPAI,37,1565,0.7437699680511182,1164,0.7237589754945118,1132.682796648911
YAVAPAI,38,1598,0.7709637046307884,1232,0.7348279997964744,1174.255143674766
YAVAPAI,39,1628,0.7647420147420148,1245,0.7451744752553596,1213.1440457157255
YAVAPAI,40,1598,0.746558197747184,1193,0.7547554270888147,1206.099172487926
YAVAPAI,41,1560,0.7897435897435897,1232,0.7635536506293201,1191.1436949817394
YAVAPAI,42,1659,0.781796262808921,1297,0.7715742803581811,1280.0417311142223
YAVAPAI,43,1464,0.8066939890710383,1181,0.7788415239558761,1140.2239910714027
YAVAPAI,44,1504,0.8025265957446809,1207,0.7853955613687679,1181.2349242986268
YAVAPAI,45,1505,0.8079734219269104,1216,0.7912896088921733,1190.8908613827207
YAVAPAI,46,1486,0.8129205921938089,1208,0.7965871482697945,1183.7285023289146
YAVAPAI,47,1551,0.7975499677627337,1237,0.8013593208095101,1242.9083065755501
YAVAPAI,48,1601,0.8276077451592755,1325,0.8056824865155252,1289.8976609113558
YAVAPAI,49,1656,0.8303140096618358,1375,0.8096359482368836,1340.7571302802792
YAVAPAI,50,1861,0.8350349274583557,1554,0.8132998408323386,1513.5510037889821
YAVAPAI,51,2074,0.8384763741562199,1739,0.8167531853515858,1693.946106419189
YAVAPAI,52,2035,0.8481572481572481,1726,0.8200721082328537,1668.8467402538572
YAVAPAI,53,1978,0.8422649140546006,1666,0.8233282255168568,1628.5432300723428
YAVAPAI,54,2141,0.8514712751050911,1823,0.8265871920771077,1769.7231782370877
YAVAPAI,55,2093,0.8705207835642619,1822,0.8299074158665893,1736.9962214087716
YAVAPAI,56,2335,0.8728051391862955,2038,0.8333389371807886,1945.8464183171413
YAVAPAI,57,2708,0.8659527326440177,2345,0.8369224729370885,2266.3860567136358
YAVAPAI,58,2914,0.8822923816060398,2571,0.8406886259705219,2449.766656078101
YAVAPAI,59,3066,0.8923679060665362,2736,0.8446572593458845,2589.7191571544818
YAVAPAI,60,3256,0.9072481572481572,2954,0.8488370356862092,2763.813388194297
YAVAPAI,61,3450,0.898840579710145,3101,0.8532251215175992,2943.626669235717
YAVAPAI,62,3646,0.908118486012068,3311,0.8578070566304228,3127.5645284745215
YAVAPAI,63,3682,0.9139054861488322,3365,0.8625567884568671,3175.9340950981846
YAVAPAI,64,3858,0.9219803006739243,3557,0.8674368714648527,3346.5714501114016
YAVAPAI,65,3995,0.9294117647058824,3713,0.8723988315683086,3485.233332115393
YAVAPAI,66,4112,0.9258268482490273,3807,0.8773836955538071,3607.801756117255
YAVAPAI,67,4342,0.930907415937356,4042,0.8823226855235587,3831.045100543292
YAVAPAI,68,4459,0.9298048889885625,4146,0.8871380783547679,3955.7486913839098
YAVAPAI,69,4322,0.9400740397963906,4063,0.8917442301753479,3854.1185628178537
YAVAPAI,70,4403,0.9386781739722916,4133,0.8960487658559977,3945.3027160639576
YAVAPAI,71,4285,0.9386231038506417,4022,0.8999539335186378,3856.302605127363
YAVAPAI,72,4258,0.941286989196806,4008,0.9033581240612047,3846.49889225261
YAVAPAI,73,4123,0.9461557118602959,3901,0.9061575556988102,3736.0876021461945
YAVAPAI,74,4513,0.9454908043430091,4267,0.9082481235212554,4098.923781451425
YAVAPAI,75,3834,0.9444444444444444,3621,0.9095274140669096,3487.1281055325317
YAVAPAI,76,3074,0.9495770982433311,2919,0.9098968849129462,2797.0230242223965
YAVAPAI,77,3093,0.9453604914322664,2924,0.9092642092819403,2812.354199309041
YAVAPAI,78,3072,0.9423828125,2895,0.9075457856648264,2787.9806535623466
YAVAPAI,79,2827,0.9402193137601698,2658,0.9046694124602157,2557.50042902503
YAVAPAI,80,2310,0.9385281385281385,2168,0.9005771276300748,2080.333164825473
YAVAPAI,81,2123,0.9444182760244937,2005,0.895228213371763,1900.5694969882527
YAVAPAI,82,1873,0.9332621462893753,1748,0.8886023658064313,1664.3522311554457
YAVAPAI,83,1593,0.9303201506591338,1482,0.8807030296837803,1402.959926286262
YAVAPAI,84,1481,0.9149223497636731,1355,0.8715608981031802,1290.78169009081
YAVAPAI,85,1244,0.907556270096463,1129,0.8612375772511486,1071.3795461004288
YAVAPAI,86,1064,0.900375939849624,958,0.8498294161551901,904.21849878912235
YAVAPAI,87,952,0.9138655462184874,870,0.8374715014539962,797.2728693842043
YAVAPAI,88,868,0.9066820276497696,787,0.8243418171840043,715.5286973157158
YAVAPAI,89,680,0.8867647058823529,603,0.8106655695823183,551.2525873159765
YAVAPAI,90,579,0.8739205526770294,506,0.7967196769059876,461.3006929285668
YAVAPAI,91,516,0.875968992248062,452,0.7828374242676489,403.94411092210686
YAVAPAI,92,404,0.8292079207920792,335,0.769413283487525,310.8429665289601
YAVAPAI,93,351,0.7863247863247863,276,0.7569078979617875,265.6746721845874
YAVAPAI,94,289,0.8512110726643599,246,0.7458532325472755,215.55158420616263
YAVAPAI,95,207,0.7342995169082126,152,0.7368578884625792,152.5295829117539
YAVAPAI,96,147,0.7755102040816326,114,0.7306125832054787,107.40004973120537
YAVAPAI,97,125,0.816,102,0.7278957954867479,90.98697443584348
YAVAPAI,98,99,0.7171717171717171,71,0.7295795751803148,72.22837794285117
YAVAPAI,99,62,0.6451612903225806,40,0.7366355182897844,45.67140213396663
YUMA,19,1199,0.6805671392827356,816,0.7111950404843559,852.7228535407427
YUMA,20,1830,0.5683060109289617,1040,0.6736634528675922,1232.8041187476938
YUMA,21,1996,0.4879759519038076,974,0.6454884762942408,1288.3949986833045
YUMA,22,2077,0.47761194029850745,992,0.6253884600765467,1298.9318315789874
YUMA,23,2166,0.4976915974145891,1078,0.612197498827369,1326.0197824600812
YUMA,24,2203,0.436677258284158,962,0.6048590311996878,1332.504445732912
YUMA,25,2127,0.44992947813822287,957,0.6024196036424687,1281.346496947531
YUMA,26,2171,0.46936895439889453,1019,0.6040227991728917,1311.333497004348
YUMA,27,2118,0.47780925401322,1012,0.6089033311649346,1289.6572554073314
YUMA,28,2126,0.4651928504233302,989,0.6163813021543221,1310.4266483800886
YUMA,29,2058,0.4747327502429543,977,0.6258566276598324,1288.012939723935
YUMA,30,1989,0.5062845651080945,1007,0.6368036250209635,1266.6024101666965
YUMA,31,1999,0.5042521260630315,1008,0.6487657672519619,1296.8827687366718
YUMA,32,1935,0.5400516795865633,1045,0.6613506019122092,1279.7134147001248
YUMA,33,1803,0.5352190793122573,965,0.6742248349929703,1215.6273774923254
YUMA,34,1725,0.577391304347826,996,0.6871095798205019,1185.2640251903658
YUMA,35,1828,0.587527352297593,1074,0.6997757709755199,1279.1901093432505
YUMA,36,1676,0.6020286396181385,1009,0.7120397432290294,1193.3786096518534
YUMA,37,1589,0.6104468219005664,970,0.7237589754945118,1150.0530120607793
YUMA,38,1572,0.5928753180661578,932,0.7348279997964744,1155.1496156800577
YUMA,39,1603,0.6500311915159077,1042,0.7451744752553596,1194.5146838343414
YUMA,40,1550,0.6419354838709678,995,0.7547554270888147,1169.8709119876628
YUMA,41,1591,0.6360779384035198,1012,0.7635536506293201,1214.8138581512483
YUMA,42,1512,0.6494708994708994,982,0.7715742803581811,1166.6203119015697
YUMA,43,1400,0.6764285714285714,947,0.7788415239558761,1090.3781335382266
YUMA,44,1388,0.6743515850144092,936,0.7853955613687679,1090.1290391798498
YUMA,45,1390,0.6482014388489209,901,0.7912896088921733,1099.8925563601208
YUMA,46,1336,0.6901197604790419,922,0.7965871482697945,1064.2404300884455
YUMA,47,1309,0.6783804430863254,888,0.8013593208095101,1048.9793509396488
YUMA,48,1285,0.6809338521400778,875,0.8056824865155252,1035.30199517245
YUMA,49,1418,0.6988716502115656,991,0.8096359482368836,1148.0637745999009
YUMA,50,1382,0.711287988422576,983,0.8132998408323386,1123.980380030292
YUMA,51,1415,0.7250883392226148,1026,0.8167531853515858,1155.7057572724939
YUMA,52,1316,0.7492401215805471,986,0.8200721082328537,1079.2148944344356
YUMA,53,1333,0.7081770442610653,944,0.8233282255168568,1097.4965246139702
YUMA,54,1361,0.7185892725936811,978,0.8265871920771077,1124.9851684169437
YUMA,55,1385,0.7212996389891697,999,0.8299074158665893,1149.4217709752263
YUMA,56,1447,0.7608845888044229,1101,0.8333389371807886,1205.841442100601
YUMA,57,1451,0.7601654031702274,1103,0.8369224729370885,1214.3745082317155
YUMA,58,1553,0.7643271088216356,1187,0.8406886259705219,1305.5894361322205
YUMA,59,1520,0.7657894736842106,1164,0.8446572593458845,1283.8790342057446
YUMA,60,1630,0.7754601226993865,1264,0.8488370356862092,1383.604368168521
YUMA,61,1511,0.7968232958305758,1204,0.8532251215175992,1289.2231586130924
YUMA,62,1562,0.7906530089628682,1235,0.8578070566304228,1339.8946224567203
YUMA,63,1541,0.8079169370538611,1245,0.8625567884568671,1329.2000110120323
YUMA,64,1549,0.8108457069076824,1256,0.8674368714648527,1343.659713899057
YUMA,65,1545,0.81682847896440125,1262,0.8723988315683086,1347.8561947730368
YUMA,66,1467,0.8064076346284935,1183,0.8773836955538071,1287.121881377435
YUMA,67,1520,0.8125,1235,0.8823226855235587,1341.1304819958093
YUMA,68,1524,0.8051181102362205,1227,0.8871380783547679,1351.9984314126662
YUMA,69,1427,0.8283111422564822,1182,0.8917442301753479,1272.5190164602213
YUMA,70,1314,0.8394216133942162,1103,0.8960487658559977,1177.408078334781
YUMA,71,1331,0.8317054845980466,1107,0.8999539335186378,1197.838685513307
YUMA,72,1411,0.8306165839829908,1172,0.9033581240612047,1274.63831305036
YUMA,73,1359,0.8278145695364238,1125,0.9061575556988102,1231.468118194683
YUMA,74,1350,0.8311111111111111,1122,0.9082481235212554,1226.1349667536947
YUMA,75,1232,0.8368506493506493,1031,0.9095274140669096,1120.5377741304326
YUMA,76,1081,0.8371877890841813,905,0.9098968849129462,983.5985325908948
YUMA,77,1070,0.8242990654205608,882,0.9092642092819403,972.9127039316761
YUMA,78,1065,0.8431924882629108,898,0.9075457856648264,966.5362617330401
YUMA,79,1019,0.844946025515211,861,0.9046694124602157,921.8581312969598
YUMA,80,918,0.8398692810457516,771,0.9005771276300748,826.7298031644086
YUMA,81,840,0.819047619047619,688,0.895228213371763,751.9916992322809
YUMA,82,762,0.8293963254593176,632,0.8886023658064313,677.1150027445007
YUMA,83,716,0.8282122905027933,593,0.8807030296837803,630.5833692535867
YUMA,84,592,0.7871621621621622,466,0.8715608981031802,515.9640516770827
YUMA,85,564,0.7872340425531915,444,0.8612375772511486,485.7379935696478
YUMA,86,470,0.7829787234042553,368,0.8498294161551901,399.4198255929394
YUMA,87,387,0.7648578811369509,296,0.8374715014539962,324.10147106269653
YUMA,88,351,0.7777777777777778,273,0.8243418171840043,289.3439778315855
YUMA,89,290,0.7241379310344828,210,0.8106655695823183,235.0930151788723
YUMA,90,259,0.7258687258687259,188,0.7967196769059876,206.35039631865078
YUMA,91,225,0.68,153,0.7828374242676489,176.138420460221
YUMA,92,186,0.6666666666666666,124,0.769413283487525,143.11087072867966
YUMA,93,157,0.5605095541401274,88,0.7569078979617875,118.83453998000063
YUMA,94,95,0.6105263157894737,58,0.7458532325472755,70.85605709199118
YUMA,95,72,0.5555555555555556,40,0.7368578884625792,53.053767969305696
YUMA,96,73,0.4794520547945205,35,0.7306125832054787,53.33471857399995
YUMA,97,43,0.32558139534883723,14,0.7278957954867479,31.29951920593016
YUMA,98,34,0.47058823529411764,16,0.7295795751803148,24.805705556130704
YUMA,99,24,0.3333333333333333,8,0.7366355182897844,17.679252438954826
